"","Sample.tag.","Subspp.Prov.ID","STATE","Subspecies","subsppcyt","Prov","Repl","X","survivorship","width_in","height_in","datestart","datelast","height1_in","width1_in","width_cm","height_cm","width1_cm","height1_cm","volumestart","volumelast","areastart","arealast"
"1",1,"CO'W-1-5","CO'","W","W4n","-1","-5","CO'W-1","Dead",NA,NA,2010-05-01,2015-04-01,2,1,NA,NA,2.54,5.08,1.71604932921019e-05,NA,0.000506707479097498,NA
"2",2,"NVV-1-6","NV","V","V2n","-1","-6","NVV-1","Dead",NA,NA,2010-05-01,2015-04-01,2,1,NA,NA,2.54,5.08,1.71604932921019e-05,NA,0.000506707479097498,NA
"3",3,"NVV-2-3","NV","V","V2n","-2","-3","NVV-2","Dead",NA,NA,2010-05-01,2015-04-01,2,1,NA,NA,2.54,5.08,1.71604932921019e-05,NA,0.000506707479097498,NA
"4",4,"MTT-1-7","MT","T","T2n","-1","-7","MTT-1","Barely Alive",25,7,2010-05-01,2015-04-01,2,1,63.5,17.78,2.54,5.08,1.71604932921019e-05,0.037538579076473,0.000506707479097498,0.316692174435936
"5",5,"CAV-1-8","CA","V","V2n","-1","-8","CAV-1","Dead",NA,NA,2010-05-01,2015-04-01,2,1,NA,NA,2.54,5.08,1.71604932921019e-05,NA,0.000506707479097498,NA
"6",6,"UT'V-3-5","UT'","V","V4n","-3","-5","UT'V-3","Alive",31,36,2010-05-01,2015-04-01,2,1,78.74,91.44,2.54,5.08,1.71604932921019e-05,0.296842212966779,0.000506707479097498,0.486945887412695
"7",7,"CAV-2-8","CA","V","V2n","-2","-8","CAV-2","Dead",NA,NA,2010-05-01,2015-04-01,2,1,NA,NA,2.54,5.08,1.71604932921019e-05,NA,0.000506707479097498,NA
"8",8,"UTT-3-8","UT","T","T2n","-3","-8","UTT-3","Alive",50,44,2010-05-01,2015-04-01,2,1,127,111.76,2.54,5.08,1.71604932921019e-05,0.943827131065606,0.000506707479097498,1.26676869774374
"9",9,"CA'V-4-3","CA'","V","V4n","-4","-3","CA'V-4","Dead",NA,NA,2010-05-01,2015-04-01,2,1,NA,NA,2.54,5.08,1.71604932921019e-05,NA,0.000506707479097498,NA
"10",10,"WA'T-2-3","WA'","T","T4n","-2","-3","WA'T-2","Alive",27,34,2010-05-01,2015-04-01,2,1,68.58,86.36,2.54,5.08,1.71604932921019e-05,0.212669993369019,0.000506707479097498,0.369389752262076
"11",11,"OR'V-1-2","OR'","V","V4n","-1","-2","OR'V-1","Barely Alive",25,10,2010-05-01,2015-04-01,2,1,63.5,25.4,2.54,5.08,1.71604932921019e-05,0.0536265415378185,0.000506707479097498,0.316692174435936
"12",12,"UTT-1-10","UT","T","T2n","-1","-10","UTT-1","Barely Alive",25,48,2010-05-01,2015-04-01,2,1,63.5,121.92,2.54,5.08,1.71604932921019e-05,0.257407399381529,0.000506707479097498,0.316692174435936
"13",13,"WA'T-2-6","WA'","T","T4n","-2","-6","WA'T-2","Dead",NA,NA,2010-05-01,2015-04-01,2,1,NA,NA,2.54,5.08,1.71604932921019e-05,NA,0.000506707479097498,NA
"14",14,"CAV*W-3-9","CA","V","V2n","*W-3","-9","CAV*W-3","Dead",NA,NA,2010-05-01,2015-04-01,2,1,NA,NA,2.54,5.08,1.71604932921019e-05,NA,0.000506707479097498,NA
"15",15,"ORT*W-2-1","OR","T","T2n","*W-2","-1","ORT*W-2","Dead",NA,NA,2010-05-01,2015-04-01,2,1,NA,NA,2.54,5.08,1.71604932921019e-05,NA,0.000506707479097498,NA
"16",16,"NV'V-3-7","NV'","V","V4n","-3","-7","NV'V-3","Dead",NA,NA,2010-05-01,2015-04-01,2,1,NA,NA,2.54,5.08,1.71604932921019e-05,NA,0.000506707479097498,NA
"17",17,"MT'W-1-7","MT'","W","W4n","-1","-7","MT'W-1","Dead",NA,NA,2010-05-01,2015-04-01,2,1,NA,NA,2.54,5.08,1.71604932921019e-05,NA,0.000506707479097498,NA
"18",18,"UT'W-1-9","UT'","W","W4n","-1","-9","UT'W-1","Barely Alive",27,29,2010-05-01,2015-04-01,2,1,68.58,73.66,2.54,5.08,1.71604932921019e-05,0.181394994344163,0.000506707479097498,0.369389752262076
"19",19,"IDV-2-4","ID","V","V2n","-2","-4","IDV-2","Dead",NA,NA,2010-05-01,2015-04-01,2,1,NA,NA,2.54,5.08,1.71604932921019e-05,NA,0.000506707479097498,NA
"20",20,"UTT-1-8","UT","T","T2n","-1","-8","UTT-1","Dead",NA,NA,2010-05-01,2015-04-01,2,1,NA,NA,2.54,5.08,1.71604932921019e-05,NA,0.000506707479097498,NA
"21",21,"CA'V-4-5","CA'","V","V4n","-4","-5","CA'V-4","Dead",NA,NA,2010-05-01,2015-04-01,2,1,NA,NA,2.54,5.08,1.71604932921019e-05,NA,0.000506707479097498,NA
"22",22,"ORT-3-6","OR","T","T2n","-3","-6","ORT-3","Dead",NA,NA,2010-05-01,2015-04-01,2,1,NA,NA,2.54,5.08,1.71604932921019e-05,NA,0.000506707479097498,NA
"23",23,"NM'T-2-5","NM'","T","T4n","-2","-5","NM'T-2","Alive",33,31,2010-05-01,2015-04-01,2,1,83.82,78.74,2.54,5.08,1.71604932921019e-05,0.289660546524034,0.000506707479097498,0.551804444737175
"24",24,"CA'V-3-1","CA'","V","V4n","-3","-1","CA'V-3","Dead",NA,NA,2010-05-01,2015-04-01,2,1,NA,NA,2.54,5.08,1.71604932921019e-05,NA,0.000506707479097498,NA
"25",25,"UTT-1-5","UT","T","T2n","-1","-5","UTT-1","Alive",45,32,2010-05-01,2015-04-01,2,1,114.3,81.28,2.54,5.08,1.71604932921019e-05,0.555999982664102,0.000506707479097498,1.02608264517243
"26",26,"NVT*W-1-9","NV","T","T2n","*W-1","-9","NVT*W-1","Dead",NA,NA,2010-05-01,2015-04-01,2,1,NA,NA,2.54,5.08,1.71604932921019e-05,NA,0.000506707479097498,NA
"27",27,"NVT-2-1","NV","T","T2n","-2","-1","NVT-2","Dead",NA,NA,2010-05-01,2015-04-01,2,1,NA,NA,2.54,5.08,1.71604932921019e-05,NA,0.000506707479097498,NA
"28",28,"NVV-1-10","NV","V","V2n","-1","-10","NVV-1","Dead",NA,NA,2010-05-01,2015-04-01,2,1,NA,NA,2.54,5.08,1.71604932921019e-05,NA,0.000506707479097498,NA
"29",29,"AZ'T-1-6","AZ'","T","T4n","-1","-6","AZ'T-1","Barely Alive",29,17,2010-05-01,2015-04-01,2,1,73.66,43.18,2.54,5.08,1.71604932921019e-05,0.122671786298591,0.000506707479097498,0.426140989920995
"30",30,"NVT-2-2","NV","T","T2n","-2","-2","NVT-2","Barely Alive",49,56,2010-05-01,2015-04-01,2,1,124.46,142.24,2.54,5.08,1.71604932921019e-05,1.15366564304143,0.000506707479097498,1.21660465731309
"31",31,"ORT-3-7","OR","T","T2n","-3","-7","ORT-3","Dead",NA,NA,2010-05-01,2015-04-01,2,1,NA,NA,2.54,5.08,1.71604932921019e-05,NA,0.000506707479097498,NA
"32",32,"IDV-5-3","ID","V","V2n","-5","-3","IDV-5","Barely Alive",49,10,2010-05-01,2015-04-01,2,1,124.46,25.4,2.54,5.08,1.71604932921019e-05,0.206011721971684,0.000506707479097498,1.21660465731309
"33",33,"UTT-2-2","UT","T","T2n","-2","-2","UTT-2","Dead",NA,NA,2010-05-01,2015-04-01,2,1,NA,NA,2.54,5.08,1.71604932921019e-05,NA,0.000506707479097498,NA
"34",34,"MTV-1-1","MT","V","V2n","-1","-1","MTV-1","Dead",NA,NA,2010-05-01,2015-04-01,2,1,NA,NA,2.54,5.08,1.71604932921019e-05,NA,0.000506707479097498,NA
"35",35,"MT'W-3-8","MT'","W","W4n","-3","-3","MT'W-3","Dead",NA,NA,2010-05-01,2015-04-01,2,1,NA,NA,2.54,5.08,1.71604932921019e-05,NA,0.000506707479097498,NA
"36",36,"IDV-2-3","ID","V","V2n","-2","-3","IDV-2","Alive",49,10,2010-05-01,2015-04-01,2,1,124.46,25.4,2.54,5.08,1.71604932921019e-05,0.206011721971684,0.000506707479097498,1.21660465731309
"37",37,"MTT-1-4","MT","T","T2n","-1","-4","MTT-1","Dead",NA,NA,2010-05-01,2015-04-01,2,1,NA,NA,2.54,5.08,1.71604932921019e-05,NA,0.000506707479097498,NA
"38",38,"OR'W-1-4","OR'","W","W4n","-1","-4","OR'W-1","Dead",NA,NA,2010-05-01,2015-04-01,2,1,NA,NA,2.54,5.08,1.71604932921019e-05,NA,0.000506707479097498,NA
"39",39,"CAT-1-2","CA","T","T2n","-1","-2","CAT-1","Barely Alive",26,25,2010-05-01,2015-04-01,2,1,66.04,63.5,2.54,5.08,1.71604932921019e-05,0.145006168318261,0.000506707479097498,0.342534255869909
"40",40,"ORT-2-2","OR","T","T2n","-2","-2","ORT-2","Alive",41,43,2010-05-01,2015-04-01,2,1,104.14,109.22,2.54,5.08,1.71604932921019e-05,0.620205968316502,0.000506707479097498,0.851775272362894
"41",41,"WY'W-1-1","WY'","W","W4n","-1","-1","WY'W-1","Dead",NA,NA,2010-05-01,2015-04-01,2,1,NA,NA,2.54,5.08,1.71604932921019e-05,NA,0.000506707479097498,NA
"42",42,"ORT-2-6","OR","T","T2n","-2","-6","ORT-2","Alive",52,68,2010-05-01,2015-04-01,2,1,132.08,172.72,2.54,5.08,1.71604932921019e-05,1.57766711130268,0.000506707479097498,1.37013702347963
"43",43,"CAV*W-3-1","CA","V","V2n","*W-3","-1","CAV*W-3","Dead",NA,NA,2010-05-01,2015-04-01,2,1,NA,NA,2.54,5.08,1.71604932921019e-05,NA,0.000506707479097498,NA
"44",44,"MT'W-2-5","MT'","W","W4n","-2","-5","MT'W-2","Barely Alive",25,15,2010-05-01,2015-04-01,2,1,63.5,38.1,2.54,5.08,1.71604932921019e-05,0.0804398123067278,0.000506707479097498,0.316692174435936
"45",45,"NVV-2-10","NV","V","V2n","-2","-10","NVV-2","Barely Alive",17,12,2010-05-01,2015-04-01,2,1,43.18,30.48,2.54,5.08,1.71604932921019e-05,0.0297562953685047,0.000506707479097498,0.146438461459177
"46",46,"NM'T-1-5","NM'","T","T4n","-1","-5","NM'T-1","Alive",40,30,2010-05-01,2015-04-01,2,1,101.6,76.2,2.54,5.08,1.71604932921019e-05,0.411851839010446,0.000506707479097498,0.810731966555996
"47",47,"CAT-2-7","CA","T","T2n","-2","-7","CAT-2","Dead",NA,NA,2010-05-01,2015-04-01,2,1,NA,NA,2.54,5.08,1.71604932921019e-05,NA,0.000506707479097498,NA
"48",48,"CAV-1-10","CA","V","V2n","-1","-10","CAV-1","Dead",NA,NA,2010-05-01,2015-04-01,2,1,NA,NA,2.54,5.08,1.71604932921019e-05,NA,0.000506707479097498,NA
"49",49,"NVT*W-1-5","NV","T","T2n","*W-1","-5","NVT*W-1","Alive",47,48,2010-05-01,2015-04-01,2,1,119.38,121.92,2.54,5.08,1.71604932921019e-05,0.909780712374076,0.000506707479097498,1.11931682132637
"50",50,"MT'W-2-9","MT'","W","W4n","-2","-9","MT'W-2","Dead",NA,NA,2010-05-01,2015-04-01,2,1,NA,NA,2.54,5.08,1.71604932921019e-05,NA,0.000506707479097498,NA
"51",51,"MT'W-2-8","MT'","W","W4n","-2","-8","MT'W-2","Dead",NA,NA,2010-05-01,2015-04-01,2,1,NA,NA,2.54,5.08,1.71604932921019e-05,NA,0.000506707479097498,NA
"52",52,"CAT-2-1","CA","T","T2n","-2","-1","CAT-2","Alive",34,30,2010-05-01,2015-04-01,2,1,86.36,76.2,2.54,5.08,1.71604932921019e-05,0.297562953685047,0.000506707479097498,0.585753845836707
"53",53,"NM'T-2-3","NM'","T","T4n","-2","-3","NM'T-2","Alive",26,10,2010-05-01,2015-04-01,2,1,66.04,25.4,2.54,5.08,1.71604932921019e-05,0.0580024673273045,0.000506707479097498,0.342534255869909
"54",54,"AZ'T*W-1-5","AZ'","T","T4n","*W-1","-5","AZ'T*W-1","Alive",36,40,2010-05-01,2015-04-01,2,1,91.44,101.6,2.54,5.08,1.71604932921019e-05,0.444799986131282,0.000506707479097498,0.656692892910357
"55",55,"ORT-1-5","OR","T","T2n","-1","-5","ORT-1","Barely Alive",28,30,2010-05-01,2015-04-01,2,1,71.12,76.2,2.54,5.08,1.71604932921019e-05,0.201807401115119,0.000506707479097498,0.397258663612438
"56",56,"UT'W*V-2-10","UT'","W","W4n","*V-2","-10","UT'W*V-2","Alive",24,23,2010-05-01,2015-04-01,2,1,60.96,58.42,2.54,5.08,1.71604932921019e-05,0.113671107566883,0.000506707479097498,0.291863507960159
"57",57,"OR'W-1-1","OR'","W","W4n","-1","-1","OR'W-1","Alive",25,27,2010-05-01,2015-04-01,2,1,63.5,68.58,2.54,5.08,1.71604932921019e-05,0.14479166215211,0.000506707479097498,0.316692174435936
"58",58,"UTT-3-5","UT","T","T2n","-3","-5","UTT-3","Dead",NA,NA,2010-05-01,2015-04-01,2,1,NA,NA,2.54,5.08,1.71604932921019e-05,NA,0.000506707479097498,NA
"59",59,"CAT-1-4","CA","T","T2n","-1","-4","CAT-1","Alive",36,37,2010-05-01,2015-04-01,2,1,91.44,93.98,2.54,5.08,1.71604932921019e-05,0.411439987171436,0.000506707479097498,0.656692892910357
"60",60,"ID'W-2-3","ID'","W","W4n","-2","-3","ID'W-2","Barely Alive",29,14,2010-05-01,2015-04-01,2,1,73.66,35.56,2.54,5.08,1.71604932921019e-05,0.101023824010604,0.000506707479097498,0.426140989920995
"61",61,"WAT-1-5","WA","T","T2n","-1","-5","WAT-1","Alive",47,50,2010-05-01,2015-04-01,2,1,119.38,127,2.54,5.08,1.71604932921019e-05,0.947688242056329,0.000506707479097498,1.11931682132637
"62",62,"UT'V-3-2","UT'","V","V4n","-3","-2","UT'V-3","Barely Alive",15,13,2010-05-01,2015-04-01,2,1,38.1,33.02,2.54,5.08,1.71604932921019e-05,0.0250972214396991,0.000506707479097498,0.114009182796937
"63",63,"ID'W-1-7","ID'","W","W4n","-1","-7","ID'W-1","Alive",22,26,2010-05-01,2015-04-01,2,1,55.88,66.04,2.54,5.08,1.71604932921019e-05,0.107973823793905,0.000506707479097498,0.245246419883189
"64",64,"WA'T-2-8","WA'","T","T4n","-2","-8","WA'T-2","Alive",34,26,2010-05-01,2015-04-01,2,1,86.36,66.04,2.54,5.08,1.71604932921019e-05,0.257887893193708,0.000506707479097498,0.585753845836707
"65",65,"IDT-1-7","ID","T","T2n","-1","-7","IDT-1","Alive",41,26,2010-05-01,2015-04-01,2,1,104.14,66.04,2.54,5.08,1.71604932921019e-05,0.375008259912303,0.000506707479097498,0.851775272362894
"66",66,"UTT-2-1","UT","T","T2n","-2","-1","UTT-2","Barely Alive",57,34,2010-05-01,2015-04-01,2,1,144.78,86.36,2.54,5.08,1.71604932921019e-05,0.947825526002666,0.000506707479097498,1.64629259958777
"67",67,"IDV-5-6","ID","V","V2n","-5","-6","IDV-5","Dead",NA,NA,2010-05-01,2015-04-01,2,1,NA,NA,2.54,5.08,1.71604932921019e-05,NA,0.000506707479097498,NA
"68",68,"CAV-2-5","CA","V","V2n","-2","-5","CAV-2","Dead",NA,NA,2010-05-01,2015-04-01,2,1,NA,NA,2.54,5.08,1.71604932921019e-05,NA,0.000506707479097498,NA
"69",69,"MT'W-3-3","MT'","W","W4n","-3","-5","MT'W-3","Alive",22,31,2010-05-01,2015-04-01,2,1,55.88,78.74,2.54,5.08,1.71604932921019e-05,0.128738020677349,0.000506707479097498,0.245246419883189
"70",70,"ID'W-3-6","ID'","W","W4n","-3","-6","ID'W-3","Alive",35,29,2010-05-01,2015-04-01,2,1,88.9,73.66,2.54,5.08,1.71604932921019e-05,0.30481326210096,0.000506707479097498,0.620716661894435
"71",71,"ID'W-1-3","ID'","W","W4n","-1","-3","ID'W-1","Alive",34,37,2010-05-01,2015-04-01,2,1,86.36,93.98,2.54,5.08,1.71604932921019e-05,0.366994309544892,0.000506707479097498,0.585753845836707
"72",72,"CO'V*W-2-3","CO'","V","V4n","-2","-3","CO'V-2","Barely Alive",18,10,2010-05-01,2015-04-01,2,1,45.72,25.4,2.54,5.08,1.71604932921019e-05,0.0277999991332051,0.000506707479097498,0.164173223227589
"73",73,"IDT-2-8","ID","T","T2n","-2","-8","IDT-2","Alive",49,52,2010-05-01,2015-04-01,2,1,124.46,132.08,2.54,5.08,1.71604932921019e-05,1.07126095425275,0.000506707479097498,1.21660465731309
"74",74,"UT'V-3-3","UT'","V","V4n","-3","-3","UT'V-3","Barely Alive",16,19,2010-05-01,2015-04-01,2,1,40.64,48.26,2.54,5.08,1.71604932921019e-05,0.0417343196863919,0.000506707479097498,0.129717114648959
"75",75,"IDT-2-3","ID","T","T2n","-2","-3","IDT-2","Alive",47,40,2010-05-01,2015-04-01,2,1,119.38,101.6,2.54,5.08,1.71604932921019e-05,0.758150593645063,0.000506707479097498,1.11931682132637
"76",76,"UTT-2-6","UT","T","T2n","-2","-6","UTT-2","Barely Alive",20,16,2010-05-01,2015-04-01,2,1,50.8,40.64,2.54,5.08,1.71604932921019e-05,0.0549135785347261,0.000506707479097498,0.202682991638999
"77",77,"ORT-1-4","OR","T","T2n","-1","-4","ORT-1","Alive",32,40,2010-05-01,2015-04-01,2,1,81.28,101.6,2.54,5.08,1.71604932921019e-05,0.351446902622247,0.000506707479097498,0.518868458595838
"78",78,"UT'W-1-3","UT'","W","W4n","-1","-3","UT'W-1","Alive",26,19,2010-05-01,2015-04-01,2,1,66.04,48.26,2.54,5.08,1.71604932921019e-05,0.110204687921879,0.000506707479097498,0.342534255869909
"79",79,"OR'W-1-2","OR'","W","W4n","-1","-2","OR'W-1","Dead",NA,NA,2010-05-01,2015-04-01,2,1,NA,NA,2.54,5.08,1.71604932921019e-05,NA,0.000506707479097498,NA
"80",80,"UT'W*V-2-6","UT'","W","W4n","*V-2","-6","UT'W*V-2","Alive",31,40,2010-05-01,2015-04-01,2,1,78.74,101.6,2.54,5.08,1.71604932921019e-05,0.329824681074199,0.000506707479097498,0.486945887412695
"81",81,"MTT-1-2","MT","T","T2n","-1","-2","MTT-1","Dead",NA,NA,2010-05-01,2015-04-01,2,1,NA,NA,2.54,5.08,1.71604932921019e-05,NA,0.000506707479097498,NA
"82",82,"IDT-3-7","ID","T","T2n","-3","-7","IDT-3","Alive",42,37,2010-05-01,2015-04-01,2,1,106.68,93.98,2.54,5.08,1.71604932921019e-05,0.560015538094454,0.000506707479097498,0.893831993127986
"83",83,"WA'T-2-2","WA'","T","T4n","-2","-2","WA'T-2","Dead",NA,NA,2010-05-01,2015-04-01,2,1,NA,NA,2.54,5.08,1.71604932921019e-05,NA,0.000506707479097498,NA
"84",84,"UT'W-2-10","UT'","W","W4n","-2","-10","UT'W-2","Alive",41,26,2010-05-01,2015-04-01,2,1,104.14,66.04,2.54,5.08,1.71604932921019e-05,0.375008259912303,0.000506707479097498,0.851775272362894
"85",85,"NVT-1-2","NV","T","T2n","-1","-2","NVT-1","Alive",51,57,2010-05-01,2015-04-01,2,1,129.54,144.78,2.54,5.08,1.71604932921019e-05,1.27208162700358,0.000506707479097498,1.31794615313259
"86",86,"AZ'T*W-1-6","AZ'","T","T4n","*W-1","-6","AZ'T*W-1","Alive",29,26,2010-05-01,2015-04-01,2,1,73.66,66.04,2.54,5.08,1.71604932921019e-05,0.18761567316255,0.000506707479097498,0.426140989920995
"87",87,"AZ'T-1-2","AZ'","T","T4n","-1","-2","AZ'T-1","Alive",26,32,2010-05-01,2015-04-01,2,1,66.04,81.28,2.54,5.08,1.71604932921019e-05,0.185607895447374,0.000506707479097498,0.342534255869909
"88",88,"WAT-1-8","WA","T","T2n","-1","-8","WAT-1","Alive",48,40,2010-05-01,2015-04-01,2,1,121.92,101.6,2.54,5.08,1.71604932921019e-05,0.790755530900057,0.000506707479097498,1.16745403184063
"89",89,"NM'T-2-7","NM'","T","T4n","-2","-7","NM'T-2","Alive",41,47,2010-05-01,2015-04-01,2,1,104.14,119.38,2.54,5.08,1.71604932921019e-05,0.677899546764548,0.000506707479097498,0.851775272362894
"90",90,"ORT-3-3","OR","T","T2n","-3","-3","ORT-3","Alive",32,23,2010-05-01,2015-04-01,2,1,81.28,58.42,2.54,5.08,1.71604932921019e-05,0.202081969007792,0.000506707479097498,0.518868458595838
"91",91,"ORT-2-3","OR","T","T2n","-2","-3","ORT-2","Alive",48,31,2010-05-01,2015-04-01,2,1,121.92,78.74,2.54,5.08,1.71604932921019e-05,0.612835536447544,0.000506707479097498,1.16745403184063
"92",92,"AZ'T-1-4","AZ'","T","T4n","-1","-4","AZ'T-1","Alive",44,30,2010-05-01,2015-04-01,2,1,111.76,76.2,2.54,5.08,1.71604932921019e-05,0.49834072520264,0.000506707479097498,0.980985679532756
"93",93,"ID'W-3-8","ID'","W","W4n","-3","-8","ID'W-3","Alive",28,33,2010-05-01,2015-04-01,2,1,71.12,83.82,2.54,5.08,1.71604932921019e-05,0.221988141226631,0.000506707479097498,0.397258663612438
"94",94,"NVV-2-2","NV","V","V2n","-2","-2","NVV-2","Barely Alive",8,9,2010-05-01,2015-04-01,2,1,20.32,22.86,2.54,5.08,1.71604932921019e-05,0.00494222206812535,0.000506707479097498,0.0324292786622399
"95",95,"NM'T-2-1","NM'","T","T4n","-2","-1","NM'T-2","Alive",37,29,2010-05-01,2015-04-01,2,1,93.98,73.66,2.54,5.08,1.71604932921019e-05,0.340644372094869,0.000506707479097498,0.693682538884475
"96",96,"MT'W-3-5","MT'","W","W4n","-3","-10","MT'W-3","Dead",NA,NA,2010-05-01,2015-04-01,2,1,NA,NA,2.54,5.08,1.71604932921019e-05,NA,0.000506707479097498,NA
"97",97,"UT'W-2-1","UT'","W","W4n","-2","-1","UT'W-2","Dead",NA,NA,2010-05-01,2015-04-01,2,1,NA,NA,2.54,5.08,1.71604932921019e-05,NA,0.000506707479097498,NA
"98",98,"UTV-1-4","UT","V","V2n","-1","-4","UTV-1","Dead",NA,NA,2010-05-01,2015-04-01,2,1,NA,NA,2.54,5.08,1.71604932921019e-05,NA,0.000506707479097498,NA
"99",99,"NM'T-2-6","NM'","T","T4n","-2","-6","NM'T-2","Alive",25,26,2010-05-01,2015-04-01,2,1,63.5,66.04,2.54,5.08,1.71604932921019e-05,0.139429007998328,0.000506707479097498,0.316692174435936
"100",100,"WA'T-2-10","WA'","T","T4n","-2","-10","WA'T-2","Dead",NA,NA,2010-05-01,2015-04-01,2,1,NA,NA,2.54,5.08,1.71604932921019e-05,NA,0.000506707479097498,NA
"101",101,"ID'W-1-8","ID'","W","W4n","-1","-8","ID'W-1","Dead",NA,NA,2010-05-01,2015-04-01,2,1,NA,NA,2.54,5.08,1.71604932921019e-05,NA,0.000506707479097498,NA
"102",102,"IDV-5-8","ID","V","V2n","-5","-8","IDV-5","Barely Alive",18,14,2010-05-01,2015-04-01,2,1,45.72,35.56,2.54,5.08,1.71604932921019e-05,0.0389199987864872,0.000506707479097498,0.164173223227589
"103",103,"UT'W-2-5","UT'","W","W4n","-2","-5","UT'W-2","Barely Alive",10,3,2010-05-01,2015-04-01,2,1,25.4,7.62,2.54,5.08,1.71604932921019e-05,0.00257407399381529,0.000506707479097498,0.0506707479097498
"104",104,"UTV-1-2","UT","V","V2n","-1","-2","UTV-1","Dead",NA,NA,2010-05-01,2015-04-01,2,1,NA,NA,2.54,5.08,1.71604932921019e-05,NA,0.000506707479097498,NA
"105",105,"UTT-1-2","UT","T","T2n","-1","-2","UTT-1","Dead",NA,NA,2010-05-01,2015-04-01,2,1,NA,NA,2.54,5.08,1.71604932921019e-05,NA,0.000506707479097498,NA
"106",106,"IDT-3-6","ID","T","T2n","-3","-6","IDT-3","Alive",40,45,2010-05-01,2015-04-01,2,1,101.6,114.3,2.54,5.08,1.71604932921019e-05,0.617777758515669,0.000506707479097498,0.810731966555996
"107",107,"ORT*W-3-2","OR","T","T2n","*W-3","-2","ORT*W-3","Alive",41,29,2010-05-01,2015-04-01,2,1,104.14,73.66,2.54,5.08,1.71604932921019e-05,0.418278443748338,0.000506707479097498,0.851775272362894
"108",108,"CAV-2-1","CA","V","V2n","-2","-1","CAV-2","Dead",NA,NA,2010-05-01,2015-04-01,2,1,NA,NA,2.54,5.08,1.71604932921019e-05,NA,0.000506707479097498,NA
"109",109,"IDT-2-10","ID","T","T2n","-2","-10","IDT-2","Alive",39,46,2010-05-01,2015-04-01,2,1,99.06,116.84,2.54,5.08,1.71604932921019e-05,0.600325536837602,0.000506707479097498,0.770702075707294
"110",110,"NVT*W-1-7","NV","T","T2n","*W-1","-7","NVT*W-1","Alive",42,45,2010-05-01,2015-04-01,2,1,106.68,114.3,2.54,5.08,1.71604932921019e-05,0.681099978763525,0.000506707479097498,0.893831993127986
"111",111,"IDV-3-7","ID","V","V2n","-3","-7","IDV-3","Barely Alive",13,9,2010-05-01,2015-04-01,2,1,33.02,22.86,2.54,5.08,1.71604932921019e-05,0.0130505551486435,0.000506707479097498,0.0856335639674771
"112",112,"UT'W*V-2-3","UT'","W","W4n","*V-2","-3","UT'W*V-2","Dead",NA,NA,2010-05-01,2015-04-01,2,1,NA,NA,2.54,5.08,1.71604932921019e-05,NA,0.000506707479097498,NA
"113",113,"NM'T-1-9","NM'","T","T4n","-1","-9","NM'T-1","Alive",31,23,2010-05-01,2015-04-01,2,1,78.74,58.42,2.54,5.08,1.71604932921019e-05,0.189649191617664,0.000506707479097498,0.486945887412695
"114",114,"NVT-1-9","NV","T","T2n","-1","-9","NVT-1","Alive",53,32,2010-05-01,2015-04-01,2,1,134.62,81.28,2.54,5.08,1.71604932921019e-05,0.771261210520229,0.000506707479097498,1.42334130878487
"115",115,"UT'V-3-6","UT'","V","V4n","-3","-6","UT'V-3","Alive",23,28,2010-05-01,2015-04-01,2,1,58.42,71.12,2.54,5.08,1.71604932921019e-05,0.127090613321307,0.000506707479097498,0.268048256442576
"116",116,"ORT-2-8","OR","T","T2n","-2","","ORT-2","Alive",52,61,2010-05-01,2015-04-01,2,1,132.08,154.94,2.54,5.08,1.71604932921019e-05,1.41526020278623,0.000506707479097498,1.37013702347963
"117",117,"ORT*W-2-8","OR","T","T2n","*W-2","-8","ORT*W-2","Dead",NA,NA,2010-05-01,2015-04-01,2,1,NA,NA,2.54,5.08,1.71604932921019e-05,NA,0.000506707479097498,NA
"118",118,"NVT*W-1-8","NV","T","T2n","*W-1","-8","NVT*W-1","Dead",NA,NA,2010-05-01,2015-04-01,2,1,NA,NA,2.54,5.08,1.71604932921019e-05,NA,0.000506707479097498,NA
"119",119,"CO'V*W-2-9","CO'","V","V4n","-2","-9","CO'V-2","Dead",NA,NA,2010-05-01,2015-04-01,2,1,NA,NA,2.54,5.08,1.71604932921019e-05,NA,0.000506707479097498,NA
"120",120,"IDV-2-7","ID","V","V2n","-2","-7","IDV-2","Dead",NA,NA,2010-05-01,2015-04-01,2,1,NA,NA,2.54,5.08,1.71604932921019e-05,NA,0.000506707479097498,NA
"121",121,"CAV-2-10","CA","V","V2n","-2","-10","CAV-2","Dead",NA,NA,2010-05-01,2015-04-01,2,1,NA,NA,2.54,5.08,1.71604932921019e-05,NA,0.000506707479097498,NA
"122",122,"ORT-2-10","OR","T","T2n","-2","","ORT-2","Alive",50,51,2010-05-01,2015-04-01,2,1,127,129.54,2.54,5.08,1.71604932921019e-05,1.0939814473715,0.000506707479097498,1.26676869774374
"123",123,"NVV-2-4","NV","V","V2n","-2","-4","NVV-2","Barely Alive",18,16,2010-05-01,2015-04-01,2,1,45.72,40.64,2.54,5.08,1.71604932921019e-05,0.0444799986131282,0.000506707479097498,0.164173223227589
"124",124,"COT-1-5","CO","T","T2n","-1","-5","COT-1","Alive",57,58,2010-05-01,2015-04-01,2,1,144.78,147.32,2.54,5.08,1.71604932921019e-05,1.61687883847514,0.000506707479097498,1.64629259958777
"125",125,"NVT-1-3","NV","T","T2n","-1","-3","NVT-1","Barely Alive",42,26,2010-05-01,2015-04-01,2,1,106.68,66.04,2.54,5.08,1.71604932921019e-05,0.393524432174481,0.000506707479097498,0.893831993127986
"126",126,"CA'V-3-6","CA'","V","V4n","-3","-6","CA'V-3","Alive",19,26,2010-05-01,2015-04-01,2,1,48.26,66.04,2.54,5.08,1.71604932921019e-05,0.0805341950198343,0.000506707479097498,0.182921399954197
"127",127,"UT'W-1-8","UT'","W","W4n","-1","-8","UT'W-1","Alive",34,38,2010-05-01,2015-04-01,2,1,86.36,96.52,2.54,5.08,1.71604932921019e-05,0.376913074667727,0.000506707479097498,0.585753845836707
"128",128,"CAV-1-9","CA","V","V2n","-1","-9","CAV-1","Dead",NA,NA,2010-05-01,2015-04-01,2,1,NA,NA,2.54,5.08,1.71604932921019e-05,NA,0.000506707479097498,NA
"129",129,"OR'V-1-9","OR'","V","V4n","-1","-9","OR'V-1","Alive",26,27,2010-05-01,2015-04-01,2,1,66.04,68.58,2.54,5.08,1.71604932921019e-05,0.156606661783722,0.000506707479097498,0.342534255869909
"130",130,"CAV-1-4","CA","V","V2n","-1","-4","CAV-1","Dead",NA,NA,2010-05-01,2015-04-01,2,1,NA,NA,2.54,5.08,1.71604932921019e-05,NA,0.000506707479097498,NA
"131",131,"CO'V*W-2-2","CO'","V","V4n","-2","-2","CO'V-2","Barely Alive",13,8,2010-05-01,2015-04-01,2,1,33.02,20.32,2.54,5.08,1.71604932921019e-05,0.0116004934654609,0.000506707479097498,0.0856335639674771
"132",132,"CA'V-4-4","CA'","V","V4n","-4","-4","CA'V-4","Dead",NA,NA,2010-05-01,2015-04-01,2,1,NA,NA,2.54,5.08,1.71604932921019e-05,NA,0.000506707479097498,NA
"133",133,"AZ'T-1-5","AZ'","T","T4n","-1","-5","AZ'T-1","Alive",29,46,2010-05-01,2015-04-01,2,1,73.66,116.84,2.54,5.08,1.71604932921019e-05,0.331935421749127,0.000506707479097498,0.426140989920995
"134",134,"NVV-1-3","NV","V","V2n","-1","-3","NVV-1","Dead",NA,NA,2010-05-01,2015-04-01,2,1,NA,NA,2.54,5.08,1.71604932921019e-05,NA,0.000506707479097498,NA
"135",135,"WA'W-1-6","WA'","W","W4n","-1","-6","WA'W-1","Alive",35,44,2010-05-01,2015-04-01,2,1,88.9,111.76,2.54,5.08,1.71604932921019e-05,0.462475294222147,0.000506707479097498,0.620716661894435
"136",136,"CO'W-1-4","CO'","W","W4n","-1","-4","CO'W-1","Alive",22,26,2010-05-01,2015-04-01,2,1,55.88,66.04,2.54,5.08,1.71604932921019e-05,0.107973823793905,0.000506707479097498,0.245246419883189
"137",137,"NVT-2-10","NV","T","T2n","-2","-10","NVT-2","Dead",NA,NA,2010-05-01,2015-04-01,2,1,NA,NA,2.54,5.08,1.71604932921019e-05,NA,0.000506707479097498,NA
"138",138,"CO'W-1-8","CO'","W","W4n","-1","-8","CO'W-1","Alive",20,28,2010-05-01,2015-04-01,2,1,50.8,71.12,2.54,5.08,1.71604932921019e-05,0.0960987624357708,0.000506707479097498,0.202682991638999
"139",139,"CAV*W-3-6","CA","V","V2n","*W-3","-6","CAV*W-3","Dead",NA,NA,2010-05-01,2015-04-01,2,1,NA,NA,2.54,5.08,1.71604932921019e-05,NA,0.000506707479097498,NA
"140",140,"CO'W-1-1","CO'","W","W4n","-1","-1","CO'W-1","Dead",NA,NA,2010-05-01,2015-04-01,2,1,NA,NA,2.54,5.08,1.71604932921019e-05,NA,0.000506707479097498,NA
"141",141,"ORT-1-8","OR","T","T2n","-1","-8","ORT-1","Dead",NA,NA,2010-05-01,2015-04-01,2,1,NA,NA,2.54,5.08,1.71604932921019e-05,NA,0.000506707479097498,NA
"142",142,"ORT*W-2-5","OR","T","T2n","*W-2","-5","ORT*W-2","Alive",30,22,2010-05-01,2015-04-01,2,1,76.2,55.88,2.54,5.08,1.71604932921019e-05,0.169888883591809,0.000506707479097498,0.456036731187748
"143",143,"NVT-1-8","NV","T","T2n","-1","-8","NVT-1","Alive",42,39,2010-05-01,2015-04-01,2,1,106.68,99.06,2.54,5.08,1.71604932921019e-05,0.590286648261722,0.000506707479097498,0.893831993127986
"144",144,"ID'W-1-10","ID'","W","W4n","-1","-10","ID'W-1","Alive",30,41,2010-05-01,2015-04-01,2,1,76.2,104.14,2.54,5.08,1.71604932921019e-05,0.316611101239281,0.000506707479097498,0.456036731187748
"145",145,"NM'T-1-2","NM'","T","T4n","-1","-2","NM'T-1","Dead",NA,NA,2010-05-01,2015-04-01,2,1,NA,NA,2.54,5.08,1.71604932921019e-05,NA,0.000506707479097498,NA
"146",146,"ID'W-3-9","ID'","W","W4n","-3","-9","ID'W-3","Dead",NA,NA,2010-05-01,2015-04-01,2,1,NA,NA,2.54,5.08,1.71604932921019e-05,NA,0.000506707479097498,NA
"147",147,"NVT*W-1-6","NV","T","T2n","*W-1","-6","NVT*W-1","Dead",NA,NA,2010-05-01,2015-04-01,2,1,NA,NA,2.54,5.08,1.71604932921019e-05,NA,0.000506707479097498,NA
"148",148,"CAV-1-5","CA","V","V2n","-1","-5","CAV-1","Dead",NA,NA,2010-05-01,2015-04-01,2,1,NA,NA,2.54,5.08,1.71604932921019e-05,NA,0.000506707479097498,NA
"149",149,"IDT-3-10","ID","T","T2n","-3","","IDT-3","Barely Alive",19,11,2010-05-01,2015-04-01,2,1,48.26,27.94,2.54,5.08,1.71604932921019e-05,0.0340721594314684,0.000506707479097498,0.182921399954197
"150",150,"NVV-2-9","NV","V","V2n","-2","-9","NVV-2","Dead",NA,NA,2010-05-01,2015-04-01,2,1,NA,NA,2.54,5.08,1.71604932921019e-05,NA,0.000506707479097498,NA
"151",151,"ORT-3-4","OR","T","T2n","-3","","ORT-3","Alive",42,36,2010-05-01,2015-04-01,2,1,106.68,91.44,2.54,5.08,1.71604932921019e-05,0.54487998301082,0.000506707479097498,0.893831993127986
"152",152,"NM'T-1-1","NM'","T","T4n","-1","-1","NM'T-1","Alive",47,40,2010-05-01,2015-04-01,2,1,119.38,101.6,2.54,5.08,1.71604932921019e-05,0.758150593645063,0.000506707479097498,1.11931682132637
"153",153,"UTT-3-6","UT","T","T2n","-3","","UTT-3","Alive",23,20,2010-05-01,2015-04-01,2,1,58.42,50.8,2.54,5.08,1.71604932921019e-05,0.0907790095152192,0.000506707479097498,0.268048256442576
"154",154,"IDT-1-1","ID","T","T2n","-1","-1","IDT-1","Barely Alive",22,12,2010-05-01,2015-04-01,2,1,55.88,30.48,2.54,5.08,1.71604932921019e-05,0.049834072520264,0.000506707479097498,0.245246419883189
"155",155,"MT'W-1-6","MT'","W","W4n","-1","-6","MT'W-1","Dead",NA,NA,2010-05-01,2015-04-01,2,1,NA,NA,2.54,5.08,1.71604932921019e-05,NA,0.000506707479097498,NA
"156",156,"NVT*W-1-2","NV","T","T2n","*W-1","-2","NVT*W-1","Barely Alive",29,12,2010-05-01,2015-04-01,2,1,73.66,30.48,2.54,5.08,1.71604932921019e-05,0.0865918491519463,0.000506707479097498,0.426140989920995
"157",157,"UT'W-2-6","UT'","W","W4n","-2","-6","UT'W-2","Barely Alive",21,9,2010-05-01,2015-04-01,2,1,53.34,22.86,2.54,5.08,1.71604932921019e-05,0.0340549989381763,0.000506707479097498,0.223457998281997
"158",158,"WA'T-2-1","WA'","T","T4n","-2","-1","WA'T-2","Alive",38,43,2010-05-01,2015-04-01,2,1,96.52,109.22,2.54,5.08,1.71604932921019e-05,0.532764674746596,0.000506707479097498,0.731685599816787
"159",159,"AZ'T-1-3","AZ'","T","T4n","-1","-3","AZ'T-1","Alive",31,21,2010-05-01,2015-04-01,2,1,78.74,53.34,2.54,5.08,1.71604932921019e-05,0.173157957563954,0.000506707479097498,0.486945887412695
"160",160,"ID'W-3-3","ID'","W","W4n","-3","-3","ID'W-3","Dead",NA,NA,2010-05-01,2015-04-01,2,1,NA,NA,2.54,5.08,1.71604932921019e-05,NA,0.000506707479097498,NA
"161",161,"UTT-2-7","UT","T","T2n","-2","","UTT-2","Alive",47,41,2010-05-01,2015-04-01,2,1,119.38,104.14,2.54,5.08,1.71604932921019e-05,0.77710435848619,0.000506707479097498,1.11931682132637
"162",162,"ORT-2-7","OR","T","T2n","-2","","ORT-2","Alive",50,46,2010-05-01,2015-04-01,2,1,127,116.84,2.54,5.08,1.71604932921019e-05,0.986728364295861,0.000506707479097498,1.26676869774374
"163",163,"CO'V*W-2-10","CO'","V","V4n","-2","-10","CO'V-2","Alive",26,25,2010-05-01,2015-04-01,2,1,66.04,63.5,2.54,5.08,1.71604932921019e-05,0.145006168318261,0.000506707479097498,0.342534255869909
"164",164,"NM'T-2-8","NM'","T","T4n","-2","","NM'T-2","Alive",35,38,2010-05-01,2015-04-01,2,1,88.9,96.52,2.54,5.08,1.71604932921019e-05,0.399410481373672,0.000506707479097498,0.620716661894435
"165",165,"MT'W-2-3","MT'","W","W4n","-2","-3","MT'W-2","Barely Alive",15,8,2010-05-01,2015-04-01,2,1,38.1,20.32,2.54,5.08,1.71604932921019e-05,0.0154444439628917,0.000506707479097498,0.114009182796937
"166",166,"MT'W-3-10","MT'","W","W4n","-3","-4","MT'W-3","Alive",16,26,2010-05-01,2015-04-01,2,1,40.64,66.04,2.54,5.08,1.71604932921019e-05,0.0571101216761152,0.000506707479097498,0.129717114648959
"167",167,"CAV-2-3","CA","V","V2n","-2","-3","CAV-2","Dead",NA,NA,2010-05-01,2015-04-01,2,1,NA,NA,2.54,5.08,1.71604932921019e-05,NA,0.000506707479097498,NA
"168",168,"NVT*W-1-4","NV","T","T2n","*W-1","-4","NVT*W-1","Dead",NA,NA,2010-05-01,2015-04-01,2,1,NA,NA,2.54,5.08,1.71604932921019e-05,NA,0.000506707479097498,NA
"169",169,"WA'T-2-9","WA'","T","T4n","-2","-9","WA'T-2","Alive",38,43,2010-05-01,2015-04-01,2,1,96.52,109.22,2.54,5.08,1.71604932921019e-05,0.532764674746596,0.000506707479097498,0.731685599816787
"170",170,"CAT-2-6","CA","T","T2n","-2","","CAT-2","Alive",60,46,2010-05-01,2015-04-01,2,1,152.4,116.84,2.54,5.08,1.71604932921019e-05,1.42088884458604,0.000506707479097498,1.82414692475099
"171",171,"MT'W-1-3","MT'","W","W4n","-1","-3","MT'W-1","Dead",NA,NA,2010-05-01,2015-04-01,2,1,NA,NA,2.54,5.08,1.71604932921019e-05,NA,0.000506707479097498,NA
"172",172,"MTT-1-6","MT","T","T2n","-1","-6","MTT-1","Alive",38,43,2010-05-01,2015-04-01,2,1,96.52,109.22,2.54,5.08,1.71604932921019e-05,0.532764674746596,0.000506707479097498,0.731685599816787
"173",173,"UTT-1-3","UT","T","T2n","-1","-3","UTT-1","Alive",40,50,2010-05-01,2015-04-01,2,1,101.6,127,2.54,5.08,1.71604932921019e-05,0.686419731684077,0.000506707479097498,0.810731966555996
"174",174,"UT'W-1-2","UT'","W","W4n","-1","-2","UT'W-1","Dead",NA,NA,2010-05-01,2015-04-01,2,1,NA,NA,2.54,5.08,1.71604932921019e-05,NA,0.000506707479097498,NA
"175",175,"IDV-5-4","ID","V","V2n","-5","-4","IDV-5","Dead",NA,NA,2010-05-01,2015-04-01,2,1,NA,NA,2.54,5.08,1.71604932921019e-05,NA,0.000506707479097498,NA
"176",176,"CAV-2-9","CA","V","V2n","-2","-9","CAV-2","Alive",20,23,2010-05-01,2015-04-01,2,1,50.8,58.42,2.54,5.08,1.71604932921019e-05,0.0789382691436688,0.000506707479097498,0.202682991638999
"177",177,"CAV*W-3-5","CA","V","V2n","*W-3","-5","CAV*W-3","Dead",NA,NA,2010-05-01,2015-04-01,2,1,NA,NA,2.54,5.08,1.71604932921019e-05,NA,0.000506707479097498,NA
"178",178,"IDT-1-8","ID","T","T2n","-1","-8","IDT-1","Alive",29,38,2010-05-01,2015-04-01,2,1,73.66,96.52,2.54,5.08,1.71604932921019e-05,0.274207522314497,0.000506707479097498,0.426140989920995
"179",179,"UTV-1-3","UT","V","V2n","-1","-3","UTV-1","Dead",NA,NA,2010-05-01,2015-04-01,2,1,NA,NA,2.54,5.08,1.71604932921019e-05,NA,0.000506707479097498,NA
"180",180,"UT'W-1-6","UT'","W","W4n","-1","-6","UT'W-1","Dead",NA,NA,2010-05-01,2015-04-01,2,1,NA,NA,2.54,5.08,1.71604932921019e-05,NA,0.000506707479097498,NA
"181",181,"ORT-2-9","OR","T","T2n","-2","","ORT-2","Barely Alive",30,37,2010-05-01,2015-04-01,2,1,76.2,93.98,2.54,5.08,1.71604932921019e-05,0.285722213313497,0.000506707479097498,0.456036731187748
"182",182,"UTT-1-7","UT","T","T2n","-1","-7","UTT-1","Dead",NA,NA,2010-05-01,2015-04-01,2,1,NA,NA,2.54,5.08,1.71604932921019e-05,NA,0.000506707479097498,NA
"183",183,"OR'V-1-3","OR'","V","V4n","-1","-3","OR'V-1","Alive",24,25,2010-05-01,2015-04-01,2,1,60.96,63.5,2.54,5.08,1.71604932921019e-05,0.123555551703134,0.000506707479097498,0.291863507960159
"184",184,"UTT-3-9","UT","T","T2n","-3","","UTT-3","Alive",34,42,2010-05-01,2015-04-01,2,1,86.36,106.68,2.54,5.08,1.71604932921019e-05,0.416588135159066,0.000506707479097498,0.585753845836707
"185",185,"IDV-5-1","ID","V","V2n","-5","-1","IDV-5","Dead",NA,NA,2010-05-01,2015-04-01,2,1,NA,NA,2.54,5.08,1.71604932921019e-05,NA,0.000506707479097498,NA
"186",186,"OR'V-1-8","OR'","V","V4n","-1","-8","OR'V-1","Dead",NA,NA,2010-05-01,2015-04-01,2,1,NA,NA,2.54,5.08,1.71604932921019e-05,NA,0.000506707479097498,NA
"187",187,"ORT-1-10","OR","T","T2n","-1","-10","ORT-1","Alive",30,35,2010-05-01,2015-04-01,2,1,76.2,88.9,2.54,5.08,1.71604932921019e-05,0.270277769350605,0.000506707479097498,0.456036731187748
"188",188,"ORT*W-3-3","OR","T","T2n","*W-3","-3","ORT*W-3","Alive",44,29,2010-05-01,2015-04-01,2,1,111.76,73.66,2.54,5.08,1.71604932921019e-05,0.481729367695885,0.000506707479097498,0.980985679532756
"189",189,"UT'W*V-2-1","UT'","W","W4n","*V-2","-1","UT'W*V-2","Dead",NA,NA,2010-05-01,2015-04-01,2,1,NA,NA,2.54,5.08,1.71604932921019e-05,NA,0.000506707479097498,NA
"190",190,"NM'T-1-6","NM'","T","T4n","-1","-6","NM'T-1","Alive",45,38,2010-05-01,2015-04-01,2,1,114.3,96.52,2.54,5.08,1.71604932921019e-05,0.660249979413621,0.000506707479097498,1.02608264517243
"191",191,"WY'W-2-3","WY'","W","W4n","-2","-3","WY'W-2","Dead",NA,NA,2010-05-01,2015-04-01,2,1,NA,NA,2.54,5.08,1.71604932921019e-05,NA,0.000506707479097498,NA
"192",192,"WAT-1-6","WA","T","T2n","-1","-6","WAT-1","Alive",42,55,2010-05-01,2015-04-01,2,1,106.68,139.7,2.54,5.08,1.71604932921019e-05,0.832455529599864,0.000506707479097498,0.893831993127986
"193",193,"IDV-5-9","ID","V","V2n","-5","-9","IDV-5","Dead",NA,NA,2010-05-01,2015-04-01,2,1,NA,NA,2.54,5.08,1.71604932921019e-05,NA,0.000506707479097498,NA
"194",194,"UTT-1-9","UT","T","T2n","-1","-9","UTT-1","Dead",NA,NA,2010-05-01,2015-04-01,2,1,NA,NA,2.54,5.08,1.71604932921019e-05,NA,0.000506707479097498,NA
"195",195,"WAT-1-9","WA","T","T2n","-1","-9","WAT-1","Alive",17,31,2010-05-01,2015-04-01,2,1,43.18,78.74,2.54,5.08,1.71604932921019e-05,0.0768704297019706,0.000506707479097498,0.146438461459177
"196",196,"MTV-1-2","MT","V","V2n","-1","-2","MTV-1","Dead",NA,NA,2010-05-01,2015-04-01,2,1,NA,NA,2.54,5.08,1.71604932921019e-05,NA,0.000506707479097498,NA
"197",197,"WAT-1-1-R","WA","T","T2n","-1","-1-R","WAT-1","Alive",54,54,2010-05-01,2015-04-01,2,1,137.16,137.16,2.54,5.08,1.71604932921019e-05,1.35107995787377,0.000506707479097498,1.4775590090483
"198",198,"ORT-1-3","OR","T","T2n","-1","-3","ORT-1","Alive",38,48,2010-05-01,2015-04-01,2,1,96.52,121.92,2.54,5.08,1.71604932921019e-05,0.594714055531084,0.000506707479097498,0.731685599816787
"199",199,"IDT-3-5","ID","T","T2n","-3","","IDT-3","Alive",26,39,2010-05-01,2015-04-01,2,1,66.04,99.06,2.54,5.08,1.71604932921019e-05,0.226209622576488,0.000506707479097498,0.342534255869909
"200",200,"COT-1-10","CO","T","T2n","-1","-10","COT-1","Alive",32,36,2010-05-01,2015-04-01,2,1,81.28,91.44,2.54,5.08,1.71604932921019e-05,0.316302212360023,0.000506707479097498,0.518868458595838
"201",201,"NM'T-2-4","NM'","T","T4n","-2","","NM'T-2","Alive",42,36,2010-05-01,2015-04-01,2,1,106.68,91.44,2.54,5.08,1.71604932921019e-05,0.54487998301082,0.000506707479097498,0.893831993127986
"202",202,"OR'W-1-3","OR'","W","W4n","-1","-3","OR'W-1","Dead",NA,NA,2010-05-01,2015-04-01,2,1,NA,NA,2.54,5.08,1.71604932921019e-05,NA,0.000506707479097498,NA
"203",203,"NM'T-1-3","NM'","T","T4n","-1","-3","NM'T-1","Alive",37,41,2010-05-01,2015-04-01,2,1,93.98,104.14,2.54,5.08,1.71604932921019e-05,0.481600663996195,0.000506707479097498,0.693682538884475
"204",204,"NM'T-2-2","NM'","T","T4n","-2","","NM'T-2","Alive",25,36,2010-05-01,2015-04-01,2,1,63.5,91.44,2.54,5.08,1.71604932921019e-05,0.193055549536147,0.000506707479097498,0.316692174435936
"205",205,"NVV-2-5","NV","V","V2n","-2","-5","NVV-2","Alive",22,23,2010-05-01,2015-04-01,2,1,55.88,58.42,2.54,5.08,1.71604932921019e-05,0.0955153056638393,0.000506707479097498,0.245246419883189
"206",206,"UT'V-3-1","UT'","V","V4n","-3","-1","UT'V-3","Dead",NA,NA,2010-05-01,2015-04-01,2,1,NA,NA,2.54,5.08,1.71604932921019e-05,NA,0.000506707479097498,NA
"207",207,"NVT-2-5","NV","T","T2n","-2","","NVT-2","Barely Alive",40,47,2010-05-01,2015-04-01,2,1,101.6,119.38,2.54,5.08,1.71604932921019e-05,0.645234547783032,0.000506707479097498,0.810731966555996
"208",208,"ORT-1-1","OR","T","T2n","-1","-1","ORT-1","Alive",45,42,2010-05-01,2015-04-01,2,1,114.3,106.68,2.54,5.08,1.71604932921019e-05,0.729749977246634,0.000506707479097498,1.02608264517243
"209",209,"IDV-3-8","ID","V","V2n","-3","-8","IDV-3","Dead",NA,NA,2010-05-01,2015-04-01,2,1,NA,NA,2.54,5.08,1.71604932921019e-05,NA,0.000506707479097498,NA
"210",210,"MT'W-1-1","MT'","W","W4n","-1","-1","MT'W-1","Dead",NA,NA,2010-05-01,2015-04-01,2,1,NA,NA,2.54,5.08,1.71604932921019e-05,NA,0.000506707479097498,NA
"211",211,"AZ'T-1-7","AZ'","T","T4n","-1","-7","AZ'T-1","Alive",43,29,2010-05-01,2015-04-01,2,1,109.22,73.66,2.54,5.08,1.71604932921019e-05,0.460081405407899,0.000506707479097498,0.936902128851273
"212",212,"OR'V-1-1","OR'","V","V4n","-1","-1","OR'V-1","Barely Alive",3,9,2010-05-01,2015-04-01,2,1,7.62,22.86,2.54,5.08,1.71604932921019e-05,0.000694999978330128,0.000506707479097498,0.00456036731187748
"213",213,"NVT-2-9","NV","T","T2n","-2","","NVT-2","Alive",41,46,2010-05-01,2015-04-01,2,1,104.14,116.84,2.54,5.08,1.71604932921019e-05,0.663476152152537,0.000506707479097498,0.851775272362894
"214",214,"UTT-2-8","UT","T","T2n","-2","","UTT-2","Alive",32,50,2010-05-01,2015-04-01,2,1,81.28,127,2.54,5.08,1.71604932921019e-05,0.439308628277809,0.000506707479097498,0.518868458595838
"215",215,"NVT-2-7","NV","T","T2n","-2","","NVT-2","Alive",34,52,2010-05-01,2015-04-01,2,1,86.36,132.08,2.54,5.08,1.71604932921019e-05,0.515775786387415,0.000506707479097498,0.585753845836707
"216",216,"UT'W*V-2-8","UT'","W","W4n","*V-2","-8","UT'W*V-2","Alive",28,32,2010-05-01,2015-04-01,2,1,71.12,81.28,2.54,5.08,1.71604932921019e-05,0.215261227856127,0.000506707479097498,0.397258663612438
"217",217,"CAV-1-6","CA","V","V2n","-1","-6","CAV-1","Dead",NA,NA,2010-05-01,2015-04-01,2,1,NA,NA,2.54,5.08,1.71604932921019e-05,NA,0.000506707479097498,NA
"218",218,"IDT-1-10","ID","T","T2n","-1","-10","IDT-1","Alive",48,54,2010-05-01,2015-04-01,2,1,121.92,137.16,2.54,5.08,1.71604932921019e-05,1.06751996671508,0.000506707479097498,1.16745403184063
"219",219,"ORT-3-10","OR","T","T2n","-3","","ORT-3","Dead",NA,NA,2010-05-01,2015-04-01,2,1,NA,NA,2.54,5.08,1.71604932921019e-05,NA,0.000506707479097498,NA
"220",220,"NV'V-3-4","NV'","V","V4n","-3","-4","NV'V-3","Alive",17,12,2010-05-01,2015-04-01,2,1,43.18,30.48,2.54,5.08,1.71604932921019e-05,0.0297562953685047,0.000506707479097498,0.146438461459177
"221",221,"CAT-2-10","CA","T","T2n","-2","","CAT-2","Alive",50,39,2010-05-01,2015-04-01,2,1,127,99.06,2.54,5.08,1.71604932921019e-05,0.836574047989969,0.000506707479097498,1.26676869774374
"222",222,"ORV-2-1","OR","V","V2n","-2","-1","ORV-2","Dead",NA,NA,2010-05-01,2015-04-01,2,1,NA,NA,2.54,5.08,1.71604932921019e-05,NA,0.000506707479097498,NA
"223",223,"MT'W-2-6","MT'","W","W4n","-2","-6","MT'W-2","Dead",NA,NA,2010-05-01,2015-04-01,2,1,NA,NA,2.54,5.08,1.71604932921019e-05,NA,0.000506707479097498,NA
"224",224,"CO'V*W-2-6","CO'","V","V4n","-2","-6","CO'V-2","Dead",NA,NA,2010-05-01,2015-04-01,2,1,NA,NA,2.54,5.08,1.71604932921019e-05,NA,0.000506707479097498,NA
"225",225,"CAT-1-5","CA","T","T2n","-1","-5","CAT-1","Alive",45,46,2010-05-01,2015-04-01,2,1,114.3,116.84,2.54,5.08,1.71604932921019e-05,0.799249975079647,0.000506707479097498,1.02608264517243
"226",226,"COT-1-1","CO","T","T2n","-1","-1","COT-1","Alive",37,53,2010-05-01,2015-04-01,2,1,93.98,134.62,2.54,5.08,1.71604932921019e-05,0.62255695589752,0.000506707479097498,0.693682538884475
"227",227,"UTT-3-1","UT","T","T2n","-3","","UTT-3","Dead",NA,NA,2010-05-01,2015-04-01,2,1,NA,NA,2.54,5.08,1.71604932921019e-05,NA,0.000506707479097498,NA
"228",228,"AZ'T-1-8","AZ'","T","T4n","-1","-8","AZ'T-1","Alive",30,31,2010-05-01,2015-04-01,2,1,76.2,78.74,2.54,5.08,1.71604932921019e-05,0.239388881424822,0.000506707479097498,0.456036731187748
"229",229,"AZ'T*W-1-8","AZ'","T","T4n","*W-1","-8","AZ'T*W-1","Alive",48,40,2010-05-01,2015-04-01,2,1,121.92,101.6,2.54,5.08,1.71604932921019e-05,0.790755530900057,0.000506707479097498,1.16745403184063
"230",230,"IDT-3-3","ID","T","T2n","-3","","IDT-3","Dead",NA,NA,2010-05-01,2015-04-01,2,1,NA,NA,2.54,5.08,1.71604932921019e-05,NA,0.000506707479097498,NA
"231",231,"ID'W-3-5","ID'","W","W4n","-3","-5","ID'W-3","Alive",35,28,2010-05-01,2015-04-01,2,1,88.9,71.12,2.54,5.08,1.71604932921019e-05,0.294302459959548,0.000506707479097498,0.620716661894435
"232",232,"CO'W-1-10","CO'","W","W4n","-1","-10","CO'W-1","Alive",32,36,2010-05-01,2015-04-01,2,1,81.28,91.44,2.54,5.08,1.71604932921019e-05,0.316302212360023,0.000506707479097498,0.518868458595838
"233",233,"ID'W-3-10","ID'","W","W4n","-3","-10","ID'W-3","Barely Alive",15,25,2010-05-01,2015-04-01,2,1,38.1,63.5,2.54,5.08,1.71604932921019e-05,0.0482638873840367,0.000506707479097498,0.114009182796937
"234",234,"NVT*W-1-3","NV","T","T2n","*W-1","-3","NVT*W-1","Alive",45,45,2010-05-01,2015-04-01,2,1,114.3,114.3,2.54,5.08,1.71604932921019e-05,0.781874975621394,0.000506707479097498,1.02608264517243
"235",235,"ID'W-3-2","ID'","W","W4n","-3","-2","ID'W-3","Alive",16,14,2010-05-01,2015-04-01,2,1,40.64,35.56,2.54,5.08,1.71604932921019e-05,0.0307516039794466,0.000506707479097498,0.129717114648959
"236",236,"WA'W-1-7","WA'","W","W4n","-1","-7","WA'W-1","Alive",28,17,2010-05-01,2015-04-01,2,1,71.12,43.18,2.54,5.08,1.71604932921019e-05,0.114357527298567,0.000506707479097498,0.397258663612438
"237",237,"UTT-2-5","UT","T","T2n","-2","","UTT-2","Alive",39,33,2010-05-01,2015-04-01,2,1,99.06,83.82,2.54,5.08,1.71604932921019e-05,0.430668319905236,0.000506707479097498,0.770702075707294
"238",238,"NVT-1-5","NV","T","T2n","-1","-5","NVT-1","Barely Alive",45,27,2010-05-01,2015-04-01,2,1,114.3,68.58,2.54,5.08,1.71604932921019e-05,0.469124985372836,0.000506707479097498,1.02608264517243
"239",239,"NV'V-3-1","NV'","V","V4n","-3","-1","NV'V-3","Dead",NA,NA,2010-05-01,2015-04-01,2,1,NA,NA,2.54,5.08,1.71604932921019e-05,NA,0.000506707479097498,NA
"240",240,"CA'V-3-5","CA'","V","V4n","-3","-5","CA'V-3","Alive",35,20,2010-05-01,2015-04-01,2,1,88.9,50.8,2.54,5.08,1.71604932921019e-05,0.210216042828249,0.000506707479097498,0.620716661894435
"241",241,"CAT-1-3","CA","T","T2n","-1","-3","CAT-1","Alive",30,44,2010-05-01,2015-04-01,2,1,76.2,111.76,2.54,5.08,1.71604932921019e-05,0.339777767183618,0.000506707479097498,0.456036731187748
"242",242,"UTT-3-7","UT","T","T2n","-3","","UTT-3","Alive",28,31,2010-05-01,2015-04-01,2,1,71.12,78.74,2.54,5.08,1.71604932921019e-05,0.208534314485623,0.000506707479097498,0.397258663612438
"243",243,"IDV-4-7","ID","V","V2n","-4","-7","IDV-4","Dead",NA,NA,2010-05-01,2015-04-01,2,1,NA,NA,2.54,5.08,1.71604932921019e-05,NA,0.000506707479097498,NA
"244",244,"ORT-3-5","OR","T","T2n","-3","","ORT-3","Barely Alive",9,25,2010-05-01,2015-04-01,2,1,22.86,63.5,2.54,5.08,1.71604932921019e-05,0.0173749994582532,0.000506707479097498,0.0410433058068973
"245",245,"OR'V-1-4","OR'","V","V4n","-1","-4","OR'V-1","Dead",NA,NA,2010-05-01,2015-04-01,2,1,NA,NA,2.54,5.08,1.71604932921019e-05,NA,0.000506707479097498,NA
"246",246,"COT-1-8","CO","T","T2n","-1","-8","COT-1","Alive",41,45,2010-05-01,2015-04-01,2,1,104.14,114.3,2.54,5.08,1.71604932921019e-05,0.649052757540525,0.000506707479097498,0.851775272362894
"247",247,"NVV-2-6","NV","V","V2n","-2","-6","NVV-2","Dead",NA,NA,2010-05-01,2015-04-01,2,1,NA,NA,2.54,5.08,1.71604932921019e-05,NA,0.000506707479097498,NA
"248",248,"ORT-2-5","OR","T","T2n","-2","","ORT-2","Alive",60,48,2010-05-01,2015-04-01,2,1,152.4,121.92,2.54,5.08,1.71604932921019e-05,1.48266662043761,0.000506707479097498,1.82414692475099
"249",249,"CO'V*W-2-1","CO'","V","V4n","-2","-1","CO'V-2","Dead",NA,NA,2010-05-01,2015-04-01,2,1,NA,NA,2.54,5.08,1.71604932921019e-05,NA,0.000506707479097498,NA
"250",250,"IDV-2-2","ID","V","V2n","-2","-2","IDV-2","Dead",NA,NA,2010-05-01,2015-04-01,2,1,NA,NA,2.54,5.08,1.71604932921019e-05,NA,0.000506707479097498,NA
"251",251,"UTT-2-3","UT","T","T2n","-2","","UTT-2","Dead",NA,NA,2010-05-01,2015-04-01,2,1,NA,NA,2.54,5.08,1.71604932921019e-05,NA,0.000506707479097498,NA
"252",252,"CO'W-1-2","CO'","W","W4n","-1","-2","CO'W-1","Alive",32,22,2010-05-01,2015-04-01,2,1,81.28,55.88,2.54,5.08,1.71604932921019e-05,0.193295796442236,0.000506707479097498,0.518868458595838
"253",253,"UT'W-1-7","UT'","W","W4n","-1","-7","UT'W-1","Alive",31,30,2010-05-01,2015-04-01,2,1,78.74,76.2,2.54,5.08,1.71604932921019e-05,0.247368510805649,0.000506707479097498,0.486945887412695
"254",254,"IDV-2-9","ID","V","V2n","-2","-9","IDV-2","Dead",NA,NA,2010-05-01,2015-04-01,2,1,NA,NA,2.54,5.08,1.71604932921019e-05,NA,0.000506707479097498,NA
"255",255,"UT'W*V-2-2","UT'","W","W4n","*V-2","-2","UT'W*V-2","Alive",43,33,2010-05-01,2015-04-01,2,1,109.22,83.82,2.54,5.08,1.71604932921019e-05,0.523540909602092,0.000506707479097498,0.936902128851273
"256",256,"WY'W-2-1","WY'","W","W4n","-2","-1","WY'W-2","Dead",NA,NA,2010-05-01,2015-04-01,2,1,NA,NA,2.54,5.08,1.71604932921019e-05,NA,0.000506707479097498,NA
"257",257,"UTT-1-4","UT","T","T2n","-1","-4","UTT-1","Alive",41,49,2010-05-01,2015-04-01,2,1,104.14,124.46,2.54,5.08,1.71604932921019e-05,0.706746335988572,0.000506707479097498,0.851775272362894
"258",258,"NM'T-1-7","NM'","T","T4n","-1","-7","NM'T-1","Alive",26,41,2010-05-01,2015-04-01,2,1,66.04,104.14,2.54,5.08,1.71604932921019e-05,0.237810116041948,0.000506707479097498,0.342534255869909
"259",259,"NVV-1-4","NV","V","V2n","-1","-4","NVV-1","Dead",NA,NA,2010-05-01,2015-04-01,2,1,NA,NA,2.54,5.08,1.71604932921019e-05,NA,0.000506707479097498,NA
"260",260,"NM'T-2-9","NM'","T","T4n","-2","","NM'T-2","Alive",45,40,2010-05-01,2015-04-01,2,1,114.3,101.6,2.54,5.08,1.71604932921019e-05,0.694999978330128,0.000506707479097498,1.02608264517243
"261",261,"CO'V*W-2-4","CO'","V","V4n","-2","-4","CO'V-2","Dead",NA,NA,2010-05-01,2015-04-01,2,1,NA,NA,2.54,5.08,1.71604932921019e-05,NA,0.000506707479097498,NA
"262",262,"ID'W-1-5","ID'","W","W4n","-1","-5","ID'W-1","Alive",40,36,2010-05-01,2015-04-01,2,1,101.6,91.44,2.54,5.08,1.71604932921019e-05,0.494222206812535,0.000506707479097498,0.810731966555996
"263",263,"WAT-1-2","WA","T","T2n","-1","-2","WAT-1","Alive",36,40,2010-05-01,2015-04-01,2,1,91.44,101.6,2.54,5.08,1.71604932921019e-05,0.444799986131282,0.000506707479097498,0.656692892910357
"264",264,"ORT*W-2-7","OR","T","T2n","*W-2","-7","ORT*W-2","Barely Alive",28,45,2010-05-01,2015-04-01,2,1,71.12,114.3,2.54,5.08,1.71604932921019e-05,0.302711101672678,0.000506707479097498,0.397258663612438
"265",265,"CAV-2-7","CA","V","V2n","-2","-7","CAV-2","Dead",NA,NA,2010-05-01,2015-04-01,2,1,NA,NA,2.54,5.08,1.71604932921019e-05,NA,0.000506707479097498,NA
"266",266,"IDV-5-10","ID","V","V2n","-5","-10","IDV-5","Dead",NA,NA,2010-05-01,2015-04-01,2,1,NA,NA,2.54,5.08,1.71604932921019e-05,NA,0.000506707479097498,NA
"267",267,"CAV-2-4","CA","V","V2n","-2","-4","CAV-2","Dead",NA,NA,2010-05-01,2015-04-01,2,1,NA,NA,2.54,5.08,1.71604932921019e-05,NA,0.000506707479097498,NA
"268",268,"WA'T-2-4","WA'","T","T4n","-2","-4","WA'T-2","Alive",33,32,2010-05-01,2015-04-01,2,1,83.82,81.28,2.54,5.08,1.71604932921019e-05,0.299004435121584,0.000506707479097498,0.551804444737175
"269",269,"IDT-1-2","ID","T","T2n","-1","-2","IDT-1","Alive",39,53,2010-05-01,2015-04-01,2,1,99.06,134.62,2.54,5.08,1.71604932921019e-05,0.691679422878106,0.000506707479097498,0.770702075707294
"270",270,"NV'V-3-3","NV'","V","V4n","-3","-3","NV'V-3","Alive",33,33,2010-05-01,2015-04-01,2,1,83.82,83.82,2.54,5.08,1.71604932921019e-05,0.308348323719133,0.000506707479097498,0.551804444737175
"271",271,"UT'W*V-2-7","UT'","W","W4n","*V-2","-7","UT'W*V-2","Alive",28,20,2010-05-01,2015-04-01,2,1,71.12,50.8,2.54,5.08,1.71604932921019e-05,0.134538267410079,0.000506707479097498,0.397258663612438
"272",272,"UT'W-1-10","UT'","W","W4n","-1","-10","UT'W-1","Alive",31,33,2010-05-01,2015-04-01,2,1,78.74,83.82,2.54,5.08,1.71604932921019e-05,0.272105361886214,0.000506707479097498,0.486945887412695
"273",273,"IDT-2-4","ID","T","T2n","-2","","IDT-2","Alive",39,38,2010-05-01,2015-04-01,2,1,99.06,96.52,2.54,5.08,1.71604932921019e-05,0.495921095648454,0.000506707479097498,0.770702075707294
"274",274,"CAT-2-5","CA","T","T2n","-2","","CAT-2","Barely Alive",40,46,2010-05-01,2015-04-01,2,1,101.6,116.84,2.54,5.08,1.71604932921019e-05,0.631506153149351,0.000506707479097498,0.810731966555996
"275",275,"AZ'T*W-1-10","AZ'","T","T4n","*W-1","-10","AZ'T*W-1","Alive",18,24,2010-05-01,2015-04-01,2,1,45.72,60.96,2.54,5.08,1.71604932921019e-05,0.0667199979196923,0.000506707479097498,0.164173223227589
"276",276,"WAT-1-7","WA","T","T2n","-1","-7","WAT-1","Alive",42,43,2010-05-01,2015-04-01,2,1,106.68,109.22,2.54,5.08,1.71604932921019e-05,0.650828868596258,0.000506707479097498,0.893831993127986
"277",277,"NVT*W-1-1","NV","T","T2n","*W-1","-1","NVT*W-1","Dead",NA,NA,2010-05-01,2015-04-01,2,1,NA,NA,2.54,5.08,1.71604932921019e-05,NA,0.000506707479097498,NA
"278",278,"UTV-1-8","UT","V","V2n","-1","-8","UTV-1","Dead",NA,NA,2010-05-01,2015-04-01,2,1,NA,NA,2.54,5.08,1.71604932921019e-05,NA,0.000506707479097498,NA
"279",279,"ORT*W-2-4","OR","T","T2n","*W-2","-4","ORT*W-2","Dead",NA,NA,2010-05-01,2015-04-01,2,1,NA,NA,2.54,5.08,1.71604932921019e-05,NA,0.000506707479097498,NA
"280",280,"UTT-2-9","UT","T","T2n","-2","","UTT-2","Alive",41,42,2010-05-01,2015-04-01,2,1,104.14,106.68,2.54,5.08,1.71604932921019e-05,0.60578257370449,0.000506707479097498,0.851775272362894
"281",281,"UT'V-3-4","UT'","V","V4n","-3","-4","UT'V-3","Barely Alive",34,31,2010-05-01,2015-04-01,2,1,86.36,78.74,2.54,5.08,1.71604932921019e-05,0.307481718807882,0.000506707479097498,0.585753845836707
"282",282,"WA'T-2-7","WA'","T","T4n","-2","-7","WA'T-2","Dead",NA,NA,2010-05-01,2015-04-01,2,1,NA,NA,2.54,5.08,1.71604932921019e-05,NA,0.000506707479097498,NA
"283",283,"AZ'T*W-1-4","AZ'","T","T4n","*W-1","-4","AZ'T*W-1","Alive",42,33,2010-05-01,2015-04-01,2,1,106.68,83.82,2.54,5.08,1.71604932921019e-05,0.499473317759919,0.000506707479097498,0.893831993127986
"284",284,"ORT-3-2","OR","T","T2n","-3","","ORT-3","Dead",NA,NA,2010-05-01,2015-04-01,2,1,NA,NA,2.54,5.08,1.71604932921019e-05,NA,0.000506707479097498,NA
"285",285,"WAT-1-10","WA","T","T2n","-1","-10","WAT-1","Dead",NA,NA,2010-05-01,2015-04-01,2,1,NA,NA,2.54,5.08,1.71604932921019e-05,NA,0.000506707479097498,NA
"286",286,"MTT-1-5","MT","T","T2n","-1","-5","MTT-1","Dead",NA,NA,2010-05-01,2015-04-01,2,1,NA,NA,2.54,5.08,1.71604932921019e-05,NA,0.000506707479097498,NA
"287",287,"WA'W-1-1","WA'","W","W4n","-1","-1","WA'W-1","Dead",NA,NA,2010-05-01,2015-04-01,2,1,NA,NA,2.54,5.08,1.71604932921019e-05,NA,0.000506707479097498,NA
"288",288,"MT'W-3-4","MT'","W","W4n","-3","-1","MT'W-3","Dead",NA,NA,2010-05-01,2015-04-01,2,1,NA,NA,2.54,5.08,1.71604932921019e-05,NA,0.000506707479097498,NA
"289",289,"COT-1-7","CO","T","T2n","-1","-7","COT-1","Alive",35,38,2010-05-01,2015-04-01,2,1,88.9,96.52,2.54,5.08,1.71604932921019e-05,0.399410481373672,0.000506707479097498,0.620716661894435
"290",290,"NV'V-3-5","NV'","V","V4n","-3","-5","NV'V-3","Alive",35,22,2010-05-01,2015-04-01,2,1,88.9,55.88,2.54,5.08,1.71604932921019e-05,0.231237647111073,0.000506707479097498,0.620716661894435
"291",291,"OR'V-1-5","OR'","V","V4n","-1","-5","OR'V-1","Dead",NA,NA,2010-05-01,2015-04-01,2,1,NA,NA,2.54,5.08,1.71604932921019e-05,NA,0.000506707479097498,NA
"292",292,"IDT-2-9","ID","T","T2n","-2","","IDT-2","Alive",37,30,2010-05-01,2015-04-01,2,1,93.98,76.2,2.54,5.08,1.71604932921019e-05,0.352390729753313,0.000506707479097498,0.693682538884475
"293",293,"CA'V-4-1","CA'","V","V4n","-4","-1","CA'V-4","Dead",NA,NA,2010-05-01,2015-04-01,2,1,NA,NA,2.54,5.08,1.71604932921019e-05,NA,0.000506707479097498,NA
"294",294,"UTT-1-6","UT","T","T2n","-1","-6","UTT-1","Alive",53,38,2010-05-01,2015-04-01,2,1,134.62,96.52,2.54,5.08,1.71604932921019e-05,0.915872687492772,0.000506707479097498,1.42334130878487
"295",295,"UTV-1-1","UT","V","V2n","-1","-1","UTV-1","Dead",NA,NA,2010-05-01,2015-04-01,2,1,NA,NA,2.54,5.08,1.71604932921019e-05,NA,0.000506707479097498,NA
"296",296,"UT'W-1-1","UT'","W","W4n","-1","-1","UT'W-1","Alive",13,14,2010-05-01,2015-04-01,2,1,33.02,35.56,2.54,5.08,1.71604932921019e-05,0.0203008635645566,0.000506707479097498,0.0856335639674771
"297",297,"COT-1-9","CO","T","T2n","-1","-9","COT-1","Alive",65,36,2010-05-01,2015-04-01,2,1,165.1,91.44,2.54,5.08,1.71604932921019e-05,1.30505551486435,0.000506707479097498,2.14083909918693
"298",298,"NVV-2-7","NV","V","V2n","-2","-7","NVV-2","Dead",NA,NA,2010-05-01,2015-04-01,2,1,NA,NA,2.54,5.08,1.71604932921019e-05,NA,0.000506707479097498,NA
"299",299,"UT'W-2-7","UT'","W","W4n","-2","-7","UT'W-2","Alive",17,21,2010-05-01,2015-04-01,2,1,43.18,53.34,2.54,5.08,1.71604932921019e-05,0.0520735168948833,0.000506707479097498,0.146438461459177
"300",300,"AZ'T*W-1-7","AZ'","T","T4n","*W-1","-7","AZ'T*W-1","Alive",37,34,2010-05-01,2015-04-01,2,1,93.98,86.36,2.54,5.08,1.71604932921019e-05,0.399376160387088,0.000506707479097498,0.693682538884475
"301",301,"NVV-1-7","NV","V","V2n","-1","-7","NVV-1","Dead",NA,NA,2010-05-01,2015-04-01,2,1,NA,NA,2.54,5.08,1.71604932921019e-05,NA,0.000506707479097498,NA
"302",302,"NVT-1-6","NV","T","T2n","-1","-6","NVT-1","Alive",24,37,2010-05-01,2015-04-01,2,1,60.96,93.98,2.54,5.08,1.71604932921019e-05,0.182862216520638,0.000506707479097498,0.291863507960159
"303",303,"NVV-1-1","NV","V","V2n","-1","-1","NVV-1","Dead",NA,NA,2010-05-01,2015-04-01,2,1,NA,NA,2.54,5.08,1.71604932921019e-05,NA,0.000506707479097498,NA
"304",304,"WAT-1-4","WA","T","T2n","-1","-4","WAT-1","Alive",56,42,2010-05-01,2015-04-01,2,1,142.24,106.68,2.54,5.08,1.71604932921019e-05,1.13012144624466,0.000506707479097498,1.58903465444975
"305",305,"MT'W-3-1","MT'","W","W4n","-3","-7-R","MT'W-3","Alive",18,9,2010-05-01,2015-04-01,2,1,45.72,22.86,2.54,5.08,1.71604932921019e-05,0.0250199992198846,0.000506707479097498,0.164173223227589
"306",306,"ORT-3-8","OR","T","T2n","-3","-8","ORT-3","Barely Alive",9,30,2010-05-01,2015-04-01,2,1,22.86,76.2,2.54,5.08,1.71604932921019e-05,0.0208499993499038,0.000506707479097498,0.0410433058068973
"307",307,"NV'V-3-6","NV'","V","V4n","-3","-6","NV'V-3","Dead",NA,NA,2010-05-01,2015-04-01,2,1,NA,NA,2.54,5.08,1.71604932921019e-05,NA,0.000506707479097498,NA
"308",308,"ORV-2-3","OR","V","V2n","-2","-3","ORV-2","Dead",NA,NA,2010-05-01,2015-04-01,2,1,NA,NA,2.54,5.08,1.71604932921019e-05,NA,0.000506707479097498,NA
"309",309,"NVV-2-1","NV","V","V2n","-2","-1","NVV-2","Alive",13,10,2010-05-01,2015-04-01,2,1,33.02,25.4,2.54,5.08,1.71604932921019e-05,0.0145006168318261,0.000506707479097498,0.0856335639674771
"310",310,"CAV-1-3","CA","V","V2n","-1","-3","CAV-1","Dead",NA,NA,2010-05-01,2015-04-01,2,1,NA,NA,2.54,5.08,1.71604932921019e-05,NA,0.000506707479097498,NA
"311",311,"CAT-2-9","CA","T","T2n","-2","-9","CAT-2","Alive",48,38,2010-05-01,2015-04-01,2,1,121.92,96.52,2.54,5.08,1.71604932921019e-05,0.751217754355054,0.000506707479097498,1.16745403184063
"312",312,"AZ'T*W-1-2","AZ'","T","T4n","*W-1","-2","AZ'T*W-1","Alive",38,29,2010-05-01,2015-04-01,2,1,96.52,73.66,2.54,5.08,1.71604932921019e-05,0.35930640855003,0.000506707479097498,0.731685599816787
"313",313,"ID'W-2-6","ID'","W","W4n","-2","-6","ID'W-2","Dead",NA,NA,2010-05-01,2015-04-01,2,1,NA,NA,2.54,5.08,1.71604932921019e-05,NA,0.000506707479097498,NA
"314",314,"OR'V-1-6","OR'","V","V4n","-1","-6","OR'V-1","Dead",NA,NA,2010-05-01,2015-04-01,2,1,NA,NA,2.54,5.08,1.71604932921019e-05,NA,0.000506707479097498,NA
"315",315,"ORT*W-2-10","OR","T","T2n","*W-2","-10","ORT*W-2","Alive",18,28,2010-05-01,2015-04-01,2,1,45.72,71.12,2.54,5.08,1.71604932921019e-05,0.0778399975729743,0.000506707479097498,0.164173223227589
"316",316,"CA'V-3-7","CA'","V","V4n","-3","-7","CA'V-3","Dead",NA,NA,2010-05-01,2015-04-01,2,1,NA,NA,2.54,5.08,1.71604932921019e-05,NA,0.000506707479097498,NA
"317",317,"UT'W-2-9","UT'","W","W4n","-2","-9","UT'W-2","Dead",NA,NA,2010-05-01,2015-04-01,2,1,NA,NA,2.54,5.08,1.71604932921019e-05,NA,0.000506707479097498,NA
"318",318,"CO'W-1-9","CO'","W","W4n","-1","-9","CO'W-1","Alive",24,19,2010-05-01,2015-04-01,2,1,60.96,48.26,2.54,5.08,1.71604932921019e-05,0.0939022192943817,0.000506707479097498,0.291863507960159
"319",319,"AZ'T*W-1-1","AZ'","T","T4n","*W-1","-1","AZ'T*W-1","Alive",18,22,2010-05-01,2015-04-01,2,1,45.72,55.88,2.54,5.08,1.71604932921019e-05,0.0611599980930513,0.000506707479097498,0.164173223227589
"320",320,"IDV-3-5","ID","V","V2n","-3","-5","IDV-3","Dead",NA,NA,2010-05-01,2015-04-01,2,1,NA,NA,2.54,5.08,1.71604932921019e-05,NA,0.000506707479097498,NA
"321",321,"NVT-2-8","NV","T","T2n","-2","-8","NVT-2","Alive",24,40,2010-05-01,2015-04-01,2,1,60.96,101.6,2.54,5.08,1.71604932921019e-05,0.197688882725014,0.000506707479097498,0.291863507960159
"322",322,"IDT-1-6","ID","T","T2n","-1","-6","IDT-1","Alive",56,44,2010-05-01,2015-04-01,2,1,142.24,111.76,2.54,5.08,1.71604932921019e-05,1.1839367532087,0.000506707479097498,1.58903465444975
"323",323,"NVV-2-8","NV","V","V2n","-2","-8","NVV-2","Dead",NA,NA,2010-05-01,2015-04-01,2,1,NA,NA,2.54,5.08,1.71604932921019e-05,NA,0.000506707479097498,NA
"324",324,"IDT-2-1","ID","T","T2n","-2","-1","IDT-2","Alive",60,52,2010-05-01,2015-04-01,2,1,152.4,132.08,2.54,5.08,1.71604932921019e-05,1.60622217214074,0.000506707479097498,1.82414692475099
"325",325,"UT'W-2-8","UT'","W","W4n","-2","-8","UT'W-2","Alive",13,12,2010-05-01,2015-04-01,2,1,33.02,30.48,2.54,5.08,1.71604932921019e-05,0.0174007401981914,0.000506707479097498,0.0856335639674771
"326",326,"MTV-1-9","MT","V","V2n","-1","-9","MTV-1","Dead",NA,NA,2010-05-01,2015-04-01,2,1,NA,NA,2.54,5.08,1.71604932921019e-05,NA,0.000506707479097498,NA
"327",327,"CO'W-1-6","CO'","W","W4n","-1","-6","CO'W-1","Dead",NA,NA,2010-05-01,2015-04-01,2,1,NA,NA,2.54,5.08,1.71604932921019e-05,NA,0.000506707479097498,NA
"328",328,"IDT-1-3","ID","T","T2n","-1","-3","IDT-1","Alive",50,39,2010-05-01,2015-04-01,2,1,127,99.06,2.54,5.08,1.71604932921019e-05,0.836574047989969,0.000506707479097498,1.26676869774374
"329",329,"MT'W-3-7-R","MT'","W","W4n","-3","-9","MT'W-3","Alive",21,23,2010-05-01,2015-04-01,2,1,53.34,58.42,2.54,5.08,1.71604932921019e-05,0.0870294417308949,0.000506707479097498,0.223457998281997
"330",330,"MT'W-3-9","MT'","W","W4n","-3","-6","MT'W-3","Dead",NA,NA,2010-05-01,2015-04-01,2,1,NA,NA,2.54,5.08,1.71604932921019e-05,NA,0.000506707479097498,NA
"331",331,"UT'W*V-2-9","UT'","W","W4n","*V-2","-9","UT'W*V-2","Alive",30,25,2010-05-01,2015-04-01,2,1,76.2,63.5,2.54,5.08,1.71604932921019e-05,0.193055549536147,0.000506707479097498,0.456036731187748
"332",332,"UT'W*V-2-4","UT'","W","W4n","*V-2","-4","UT'W*V-2","Alive",31,25,2010-05-01,2015-04-01,2,1,78.74,63.5,2.54,5.08,1.71604932921019e-05,0.206140425671374,0.000506707479097498,0.486945887412695
"333",333,"UTT-1-1","UT","T","T2n","-1","-1","UTT-1","Alive",11,27,2010-05-01,2015-04-01,2,1,27.94,68.58,2.54,5.08,1.71604932921019e-05,0.0280316657926485,0.000506707479097498,0.0613116049707972
"334",334,"AZ'T*W-1-9","AZ'","T","T4n","*W-1","-9","AZ'T*W-1","Alive",44,32,2010-05-01,2015-04-01,2,1,111.76,81.28,2.54,5.08,1.71604932921019e-05,0.531563440216149,0.000506707479097498,0.980985679532756
"335",335,"ORT*W-2-9","OR","T","T2n","*W-2","-9","ORT*W-2","Dead",NA,NA,2010-05-01,2015-04-01,2,1,NA,NA,2.54,5.08,1.71604932921019e-05,NA,0.000506707479097498,NA
"336",336,"IDV-2-1","ID","V","V2n","-2","-1","IDV-2","Dead",NA,NA,2010-05-01,2015-04-01,2,1,NA,NA,2.54,5.08,1.71604932921019e-05,NA,0.000506707479097498,NA
"337",337,"WA'W-1-9","WA'","W","W4n","-1","-9","WA'W-1","Alive",28,32,2010-05-01,2015-04-01,2,1,71.12,81.28,2.54,5.08,1.71604932921019e-05,0.215261227856127,0.000506707479097498,0.397258663612438
"338",338,"UTT-3-10","UT","T","T2n","-3","-10","UTT-3","Alive",58,46,2010-05-01,2015-04-01,2,1,147.32,116.84,2.54,5.08,1.71604932921019e-05,1.32774168699651,0.000506707479097498,1.70456395968398
"339",339,"IDV-5-2","ID","V","V2n","-5","-2","IDV-5","Dead",NA,NA,2010-05-01,2015-04-01,2,1,NA,NA,2.54,5.08,1.71604932921019e-05,NA,0.000506707479097498,NA
"340",340,"ORT-3-9","OR","T","T2n","-3","-9","ORT-3","Alive",8,9,2010-05-01,2015-04-01,2,1,20.32,22.86,2.54,5.08,1.71604932921019e-05,0.00494222206812535,0.000506707479097498,0.0324292786622399
"341",341,"NVT-2-3","NV","T","T2n","-2","-3","NVT-2","Alive",69,55,2010-05-01,2015-04-01,2,1,175.26,139.7,2.54,5.08,1.71604932921019e-05,2.24678048550167,0.000506707479097498,2.41243430798319
"342",342,"NVT-1-10","NV","T","T2n","-1","-10","NVT-1","Alive",23,40,2010-05-01,2015-04-01,2,1,58.42,101.6,2.54,5.08,1.71604932921019e-05,0.181558019030438,0.000506707479097498,0.268048256442576
"343",343,"UT'W-2-3","UT'","W","W4n","-2","-3","UT'W-2","Alive",11,27,2010-05-01,2015-04-01,2,1,27.94,68.58,2.54,5.08,1.71604932921019e-05,0.0280316657926485,0.000506707479097498,0.0613116049707972
"344",344,"CAT-2-2","CA","T","T2n","-2","-2","CAT-2","Alive",61,35,2010-05-01,2015-04-01,2,1,154.94,88.9,2.54,5.08,1.71604932921019e-05,1.11744842194845,0.000506707479097498,1.88545852972179
"345",345,"IDT-3-4","ID","T","T2n","-3","-4","IDT-3","Alive",33,29,2010-05-01,2015-04-01,2,1,83.82,73.66,2.54,5.08,1.71604932921019e-05,0.270972769328935,0.000506707479097498,0.551804444737175
"346",346,"IDV-3-1","ID","V","V2n","-3","-1","IDV-3","Dead",NA,NA,2010-05-01,2015-04-01,2,1,NA,NA,2.54,5.08,1.71604932921019e-05,NA,0.000506707479097498,NA
"347",347,"ID'W-1-4","ID'","W","W4n","-1","-4","ID'W-1","Alive",47,32,2010-05-01,2015-04-01,2,1,119.38,81.28,2.54,5.08,1.71604932921019e-05,0.60652047491605,0.000506707479097498,1.11931682132637
"348",348,"AZ'T*W-1-3","AZ'","T","T4n","*W-1","-3","AZ'T*W-1","Alive",24,27,2010-05-01,2015-04-01,2,1,60.96,68.58,2.54,5.08,1.71604932921019e-05,0.133439995839385,0.000506707479097498,0.291863507960159
"349",349,"WAT-1-3","WA","T","T2n","-1","-3","WAT-1","Alive",38,40,2010-05-01,2015-04-01,2,1,96.52,101.6,2.54,5.08,1.71604932921019e-05,0.495595046275903,0.000506707479097498,0.731685599816787
"350",350,"NM'T-2-10","NM'","T","T4n","-2","-10","NM'T-2","Alive",38,46,2010-05-01,2015-04-01,2,1,96.52,116.84,2.54,5.08,1.71604932921019e-05,0.569934303217289,0.000506707479097498,0.731685599816787
"351",351,"MT'W-1-4","MT'","W","W4n","-1","-4","MT'W-1","Dead",NA,NA,2010-05-01,2015-04-01,2,1,NA,NA,2.54,5.08,1.71604932921019e-05,NA,0.000506707479097498,NA
"352",352,"MTT-1-8","MT","T","T2n","-1","-8","MTT-1","Alive",22,36,2010-05-01,2015-04-01,2,1,55.88,91.44,2.54,5.08,1.71604932921019e-05,0.149502217560792,0.000506707479097498,0.245246419883189
"353",353,"NV'V-3-10","NV'","V","V4n","-3","-10","NV'V-3","Alive",32,25,2010-05-01,2015-04-01,2,1,81.28,63.5,2.54,5.08,1.71604932921019e-05,0.219654314138905,0.000506707479097498,0.518868458595838
"354",354,"ORT-1-2","OR","T","T2n","-1","-2","ORT-1","Alive",46,42,2010-05-01,2015-04-01,2,1,116.84,106.68,2.54,5.08,1.71604932921019e-05,0.762543679927841,0.000506707479097498,1.07219302577031
"355",355,"ID'W-1-1","ID'","W","W4n","-1","-1","ID'W-1","Alive",28,19,2010-05-01,2015-04-01,2,1,71.12,48.26,2.54,5.08,1.71604932921019e-05,0.127811354039575,0.000506707479097498,0.397258663612438
"356",356,"WA'W-1-3","WA'","W","W4n","-1","-3","WA'W-1","Alive",19,28,2010-05-01,2015-04-01,2,1,48.26,71.12,2.54,5.08,1.71604932921019e-05,0.0867291330982831,0.000506707479097498,0.182921399954197
"357",357,"ID'W-2-2","ID'","W","W4n","-2","-2","ID'W-2","Alive",36,25,2010-05-01,2015-04-01,2,1,91.44,63.5,2.54,5.08,1.71604932921019e-05,0.277999991332051,0.000506707479097498,0.656692892910357
"358",358,"CAV*W-3-8","CA","V","V2n","*W-3","-8","CAV*W-3","Dead",NA,NA,2010-05-01,2015-04-01,2,1,NA,NA,2.54,5.08,1.71604932921019e-05,NA,0.000506707479097498,NA
"359",359,"NVT-2-3-R","NV","T","T2n","-2","-3-R","NVT-2","Alive",42,55,2010-05-01,2015-04-01,2,1,106.68,139.7,2.54,5.08,1.71604932921019e-05,0.832455529599864,0.000506707479097498,0.893831993127986
"360",360,"UTT-3-4","UT","T","T2n","-3","-4","UTT-3","Alive",34,47,2010-05-01,2015-04-01,2,1,86.36,119.38,2.54,5.08,1.71604932921019e-05,0.466181960773241,0.000506707479097498,0.585753845836707
"361",361,"NM'T-1-10","NM'","T","T4n","-1","-10","NM'T-1","Dead",NA,NA,2010-05-01,2015-04-01,2,1,NA,NA,2.54,5.08,1.71604932921019e-05,NA,0.000506707479097498,NA
"362",362,"ORT-2-9-R","OR","T","T2n","-2","-9-R","ORT-2","Alive",40,50,2010-05-01,2015-04-01,2,1,101.6,127,2.54,5.08,1.71604932921019e-05,0.686419731684077,0.000506707479097498,0.810731966555996
"363",363,"IDT-3-2","ID","T","T2n","-3","-2","IDT-3","Dead",NA,NA,2010-05-01,2015-04-01,2,1,NA,NA,2.54,5.08,1.71604932921019e-05,NA,0.000506707479097498,NA
"364",364,"UT'W-2-4","UT'","W","W4n","-2","-4","UT'W-2","Dead",NA,NA,2010-05-01,2015-04-01,2,1,NA,NA,2.54,5.08,1.71604932921019e-05,NA,0.000506707479097498,NA
"365",365,"UTT-2-4","UT","T","T2n","-2","-4","UTT-2","Alive",58,46,2010-05-01,2015-04-01,2,1,147.32,116.84,2.54,5.08,1.71604932921019e-05,1.32774168699651,0.000506707479097498,1.70456395968398
"366",366,"MT'W-1-2","MT'","W","W4n","-1","-2","MT'W-1","Dead",NA,NA,2010-05-01,2015-04-01,2,1,NA,NA,2.54,5.08,1.71604932921019e-05,NA,0.000506707479097498,NA
"367",367,"NVT-1-1","NV","T","T2n","-1","-1","NVT-1","Alive",42,49,2010-05-01,2015-04-01,2,1,106.68,124.46,2.54,5.08,1.71604932921019e-05,0.741642199098061,0.000506707479097498,0.893831993127986
"368",368,"MT'W-2-1","MT'","W","W4n","-2","-1","MT'W-2","Dead",NA,NA,2010-05-01,2015-04-01,2,1,NA,NA,2.54,5.08,1.71604932921019e-05,NA,0.000506707479097498,NA
"369",369,"UT'V-3-9","UT'","V","V4n","-3","-9","UT'V-3","Dead",NA,NA,2010-05-01,2015-04-01,2,1,NA,NA,2.54,5.08,1.71604932921019e-05,NA,0.000506707479097498,NA
"370",370,"AZ'T-1-1","AZ'","T","T4n","-1","-1","AZ'T-1","Alive",31,25,2010-05-01,2015-04-01,2,1,78.74,63.5,2.54,5.08,1.71604932921019e-05,0.206140425671374,0.000506707479097498,0.486945887412695
"371",371,"NV'V-3-9","NV'","V","V4n","-3","-9","NV'V-3","Dead",NA,NA,2010-05-01,2015-04-01,2,1,NA,NA,2.54,5.08,1.71604932921019e-05,NA,0.000506707479097498,NA
"372",372,"ID'W-3-4","ID'","W","W4n","-3","-4","ID'W-3","Alive",50,38,2010-05-01,2015-04-01,2,1,127,96.52,2.54,5.08,1.71604932921019e-05,0.815123431374841,0.000506707479097498,1.26676869774374
"373",373,"ORT*W-2-6","OR","T","T2n","*W-2","-6","ORT*W-2","Alive",27,32,2010-05-01,2015-04-01,2,1,68.58,81.28,2.54,5.08,1.71604932921019e-05,0.200159993759077,0.000506707479097498,0.369389752262076
"374",374,"MTV-1-10","MT","V","V2n","-1","-10","MTV-1","Dead",NA,NA,2010-05-01,2015-04-01,2,1,NA,NA,2.54,5.08,1.71604932921019e-05,NA,0.000506707479097498,NA
"375",375,"IDT-2-2","ID","T","T2n","-2","-2","IDT-2","Alive",44,48,2010-05-01,2015-04-01,2,1,111.76,121.92,2.54,5.08,1.71604932921019e-05,0.797345160324224,0.000506707479097498,0.980985679532756
"376",376,"CAT-2-3","CA","T","T2n","-2","-3","CAT-2","Alive",56,46,2010-05-01,2015-04-01,2,1,142.24,116.84,2.54,5.08,1.71604932921019e-05,1.23775206017273,0.000506707479097498,1.58903465444975
"377",377,"IDV-2-8","ID","V","V2n","-2","-8","IDV-2","Barely Alive",9,22,2010-05-01,2015-04-01,2,1,22.86,55.88,2.54,5.08,1.71604932921019e-05,0.0152899995232628,0.000506707479097498,0.0410433058068973
"378",378,"WA'W-1-5","WA'","W","W4n","-1","-5","WA'W-1","Dead",NA,NA,2010-05-01,2015-04-01,2,1,NA,NA,2.54,5.08,1.71604932921019e-05,NA,0.000506707479097498,NA
"379",379,"CO'V*W-2-7","CO'","V","V4n","-2","-7","CO'V-2","Alive",22,20,2010-05-01,2015-04-01,2,1,55.88,50.8,2.54,5.08,1.71604932921019e-05,0.0830567875337733,0.000506707479097498,0.245246419883189
"380",380,"ORT-2-4","OR","T","T2n","-2","-4","ORT-2","Alive",39,49,2010-05-01,2015-04-01,2,1,99.06,124.46,2.54,5.08,1.71604932921019e-05,0.639477202283532,0.000506707479097498,0.770702075707294
"381",381,"ORT-1-9","OR","T","T2n","-1","-9","ORT-1","Alive",30,38,2010-05-01,2015-04-01,2,1,76.2,96.52,2.54,5.08,1.71604932921019e-05,0.293444435294943,0.000506707479097498,0.456036731187748
"382",382,"COT-1-6","CO","T","T2n","-1","-6","COT-1","Alive",31,45,2010-05-01,2015-04-01,2,1,78.74,114.3,2.54,5.08,1.71604932921019e-05,0.371052766208474,0.000506707479097498,0.486945887412695
"383",383,"IDT-1-5","ID","T","T2n","-1","-5","IDT-1","Alive",56,46,2010-05-01,2015-04-01,2,1,142.24,116.84,2.54,5.08,1.71604932921019e-05,1.23775206017273,0.000506707479097498,1.58903465444975
"384",384,"WY'W-1-2","WY'","W","W4n","-1","-2","WY'W-1","Dead",NA,NA,2010-05-01,2015-04-01,2,1,NA,NA,2.54,5.08,1.71604932921019e-05,NA,0.000506707479097498,NA
"385",385,"IDV-5-5","ID","V","V2n","-5","-5","IDV-5","Dead",NA,NA,2010-05-01,2015-04-01,2,1,NA,NA,2.54,5.08,1.71604932921019e-05,NA,0.000506707479097498,NA
"386",386,"AZ'T-1-9","AZ'","T","T4n","-1","-9","AZ'T-1","Dead",NA,NA,2010-05-01,2015-04-01,2,1,NA,NA,2.54,5.08,1.71604932921019e-05,NA,0.000506707479097498,NA
"387",387,"ID'W-1-2","ID'","W","W4n","-1","-2","ID'W-1","Alive",28,25,2010-05-01,2015-04-01,2,1,71.12,63.5,2.54,5.08,1.71604932921019e-05,0.168172834262599,0.000506707479097498,0.397258663612438
"388",388,"CAT-1-1","CA","T","T2n","-1","-1","CAT-1","Alive",24,36,2010-05-01,2015-04-01,2,1,60.96,91.44,2.54,5.08,1.71604932921019e-05,0.177919994452513,0.000506707479097498,0.291863507960159
"389",389,"ORT-1-1","OR","T","T2n","-1","-1","ORT-1","Alive",36,42,2010-05-01,2015-04-01,2,1,91.44,106.68,2.54,5.08,1.71604932921019e-05,0.467039985437846,0.000506707479097498,0.656692892910357
"390",390,"ORT*W-3-1","OR","T","T2n","*W-3","-1","ORT*W-3","Dead",NA,NA,2010-05-01,2015-04-01,2,1,NA,NA,2.54,5.08,1.71604932921019e-05,NA,0.000506707479097498,NA
"391",391,"ORT-3-1","OR","T","T2n","-3","-1","ORT-3","Dead",NA,NA,2010-05-01,2015-04-01,2,1,NA,NA,2.54,5.08,1.71604932921019e-05,NA,0.000506707479097498,NA
"392",392,"ID'W-1-6","ID'","W","W4n","-1","-6","ID'W-1","Alive",30,30,2010-05-01,2015-04-01,2,1,76.2,76.2,2.54,5.08,1.71604932921019e-05,0.231666659443376,0.000506707479097498,0.456036731187748
"393",393,"CA'V-3-2","CA'","V","V4n","-3","-2","CA'V-3","Dead",NA,NA,2010-05-01,2015-04-01,2,1,NA,NA,2.54,5.08,1.71604932921019e-05,NA,0.000506707479097498,NA
"394",394,"ORT-1-6","OR","T","T2n","-1","-6","ORT-1","Alive",48,41,2010-05-01,2015-04-01,2,1,121.92,104.14,2.54,5.08,1.71604932921019e-05,0.810524419172558,0.000506707479097498,1.16745403184063
"395",395,"ID'W-3-7","ID'","W","W4n","-3","-7","ID'W-3","Alive",23,24,2010-05-01,2015-04-01,2,1,58.42,60.96,2.54,5.08,1.71604932921019e-05,0.108934811418263,0.000506707479097498,0.268048256442576
"396",396,"COT-1-4","CO","T","T2n","-1","-4","COT-1","Dead",NA,NA,2010-05-01,2015-04-01,2,1,NA,NA,2.54,5.08,1.71604932921019e-05,NA,0.000506707479097498,NA
"397",397,"WAT-1-1","WA","T","T2n","-1","-1","WAT-1","Dead",NA,NA,2010-05-01,2015-04-01,2,1,NA,NA,2.54,5.08,1.71604932921019e-05,NA,0.000506707479097498,NA
"398",398,"UT'W*V-2-5","UT'","W","W4n","*V-2","-5","UT'W*V-2","Dead",NA,NA,2010-05-01,2015-04-01,2,1,NA,NA,2.54,5.08,1.71604932921019e-05,NA,0.000506707479097498,NA
"399",399,"CAV-1-1","CA","V","V2n","-1","-1","CAV-1","Dead",NA,NA,2010-05-01,2015-04-01,2,1,NA,NA,2.54,5.08,1.71604932921019e-05,NA,0.000506707479097498,NA
"400",400,"UTT-3-2","UT","T","T2n","-3","-2","UTT-3","Dead",NA,NA,2010-05-01,2015-04-01,2,1,NA,NA,2.54,5.08,1.71604932921019e-05,NA,0.000506707479097498,NA
"401",401,"CAV-1-7","CA","V","V2n","-1","-7","CAV-1","Dead",NA,NA,2010-05-01,2015-04-01,2,1,NA,NA,2.54,5.08,1.71604932921019e-05,NA,0.000506707479097498,NA
"402",402,"IDV-4-6","ID","V","V2n","-4","-6","IDV-4","Dead",NA,NA,2010-05-01,2015-04-01,2,1,NA,NA,2.54,5.08,1.71604932921019e-05,NA,0.000506707479097498,NA
"403",403,"OR'V-1-10","OR'","V","V4n","-1","-10","OR'V-1","Alive",39,36,2010-05-01,2015-04-01,2,1,99.06,91.44,2.54,5.08,1.71604932921019e-05,0.469819985351166,0.000506707479097498,0.770702075707294
"404",404,"MT'W-2-4","MT'","W","W4n","-2","-4","MT'W-2","Dead",NA,NA,2010-05-01,2015-04-01,2,1,NA,NA,2.54,5.08,1.71604932921019e-05,NA,0.000506707479097498,NA
"405",405,"UT'W-1-4","UT'","W","W4n","-1","-4","UT'W-1","Alive",31,27,2010-05-01,2015-04-01,2,1,78.74,68.58,2.54,5.08,1.71604932921019e-05,0.222631659725084,0.000506707479097498,0.486945887412695
"406",406,"MT'W-1-5","MT'","W","W4n","-1","-5","MT'W-1","Dead",NA,NA,2010-05-01,2015-04-01,2,1,NA,NA,2.54,5.08,1.71604932921019e-05,NA,0.000506707479097498,NA
"407",407,"COT-1-2","CO","T","T2n","-1","-2","COT-1","Alive",41,39,2010-05-01,2015-04-01,2,1,104.14,99.06,2.54,5.08,1.71604932921019e-05,0.562512389868455,0.000506707479097498,0.851775272362894
"408",408,"NV'V-3-2","NV'","V","V4n","-3","-2","NV'V-3","Dead",NA,NA,2010-05-01,2015-04-01,2,1,NA,NA,2.54,5.08,1.71604932921019e-05,NA,0.000506707479097498,NA
"409",409,"UTT-3-3","UT","T","T2n","-3","-3","UTT-3","Alive",43,39,2010-05-01,2015-04-01,2,1,109.22,99.06,2.54,5.08,1.71604932921019e-05,0.618730165893381,0.000506707479097498,0.936902128851273
"410",410,"CAV*W-3-3","CA","V","V2n","*W-3","-3","CAV*W-3","Dead",NA,NA,2010-05-01,2015-04-01,2,1,NA,NA,2.54,5.08,1.71604932921019e-05,NA,0.000506707479097498,NA
"411",411,"COT-1-3","CO","T","T2n","-1","-3","COT-1","Alive",54,43,2010-05-01,2015-04-01,2,1,137.16,109.22,2.54,5.08,1.71604932921019e-05,1.07585996645504,0.000506707479097498,1.4775590090483
"412",412,"NVV-1-2","NV","V","V2n","-1","-2","NVV-1","Dead",NA,NA,2010-05-01,2015-04-01,2,1,NA,NA,2.54,5.08,1.71604932921019e-05,NA,0.000506707479097498,NA
"413",413,"ORV-2-4","OR","V","V2n","-2","-4","ORV-2","Dead",NA,NA,2010-05-01,2015-04-01,2,1,NA,NA,2.54,5.08,1.71604932921019e-05,NA,0.000506707479097498,NA
"414",414,"UT'V-3-8","UT'","V","V4n","-3","-8","UT'V-3","Alive",18,23,2010-05-01,2015-04-01,2,1,45.72,58.42,2.54,5.08,1.71604932921019e-05,0.0639399980063718,0.000506707479097498,0.164173223227589
"415",415,"IDT-3-1","ID","T","T2n","-3","-1","IDT-3","Alive",30,38,2010-05-01,2015-04-01,2,1,76.2,96.52,2.54,5.08,1.71604932921019e-05,0.293444435294943,0.000506707479097498,0.456036731187748
"416",416,"UTT-2-10","UT","T","T2n","-2","-10","UTT-2","Alive",43,60,2010-05-01,2015-04-01,2,1,109.22,152.4,2.54,5.08,1.71604932921019e-05,0.951892562912894,0.000506707479097498,0.936902128851273
"417",417,"MT'W-3-6","MT'","W","W4n","-3","-7","MT'W-3","Dead",NA,NA,2010-05-01,2015-04-01,2,1,NA,NA,2.54,5.08,1.71604932921019e-05,NA,0.000506707479097498,NA
"418",418,"WA'W-1-2","WA'","W","W4n","-1","-2","WA'W-1","Alive",59,41,2010-05-01,2015-04-01,2,1,149.86,104.14,2.54,5.08,1.71604932921019e-05,1.22458138157104,0.000506707479097498,1.76384873473839
"419",419,"CAT-2-8","CA","T","T2n","-2","","CAT-2","Alive",34,34,2010-05-01,2015-04-01,2,1,86.36,86.36,2.54,5.08,1.71604932921019e-05,0.337238014176387,0.000506707479097498,0.585753845836707
"420",420,"CAV-2-2","CA","V","V2n","-2","-2","CAV-2","Barely Alive",10,16,2010-05-01,2015-04-01,2,1,25.4,40.64,2.54,5.08,1.71604932921019e-05,0.0137283946336815,0.000506707479097498,0.0506707479097498
"421",421,"UTV-1-7","UT","V","V2n","-1","-7","UTV-1","Dead",NA,NA,2010-05-01,2015-04-01,2,1,NA,NA,2.54,5.08,1.71604932921019e-05,NA,0.000506707479097498,NA
"422",422,"OR'V-1-7","OR'","V","V4n","-1","-7","OR'V-1","Dead",NA,NA,2010-05-01,2015-04-01,2,1,NA,NA,2.54,5.08,1.71604932921019e-05,NA,0.000506707479097498,NA
"423",423,"AZ'T-1-10","AZ'","T","T4n","-1","-10","AZ'T-1","Alive",45,38,2010-05-01,2015-04-01,2,1,114.3,96.52,2.54,5.08,1.71604932921019e-05,0.660249979413621,0.000506707479097498,1.02608264517243
"424",424,"ORT*W-2-2","OR","T","T2n","*W-2","-2","ORT*W-2","Dead",NA,NA,2010-05-01,2015-04-01,2,1,NA,NA,2.54,5.08,1.71604932921019e-05,NA,0.000506707479097498,NA
"425",425,"MT'W-3-7","MT'","W","W4n","-3","-8","MT'W-3","Dead",NA,NA,2010-05-01,2015-04-01,2,1,NA,NA,2.54,5.08,1.71604932921019e-05,NA,0.000506707479097498,NA
"426",426,"CAV-1-2","CA","V","V2n","-1","-2","CAV-1","Dead",NA,NA,2010-05-01,2015-04-01,2,1,NA,NA,2.54,5.08,1.71604932921019e-05,NA,0.000506707479097498,NA
"427",427,"ID'W-3-1","ID'","W","W4n","-3","-1","ID'W-3","Dead",NA,NA,2010-05-01,2015-04-01,2,1,NA,NA,2.54,5.08,1.71604932921019e-05,NA,0.000506707479097498,NA
"428",428,"NVT-2-4","NV","T","T2n","-2","","NVT-2","Alive",62,50,2010-05-01,2015-04-01,2,1,157.48,127,2.54,5.08,1.71604932921019e-05,1.64912340537099,0.000506707479097498,1.94778354965078
"429",429,"IDT-1-4","ID","T","T2n","-1","-4","IDT-1","Alive",32,36,2010-05-01,2015-04-01,2,1,81.28,91.44,2.54,5.08,1.71604932921019e-05,0.316302212360023,0.000506707479097498,0.518868458595838
"430",430,"UT'W-1-5","UT'","W","W4n","-1","-5","UT'W-1","Dead",NA,NA,2010-05-01,2015-04-01,2,1,NA,NA,2.54,5.08,1.71604932921019e-05,NA,0.000506707479097498,NA
"431",431,"CAV*W-3-10","CA","V","V2n","*W-3","-10","CAV*W-3","Alive",56,48,2010-05-01,2015-04-01,2,1,142.24,121.92,2.54,5.08,1.71604932921019e-05,1.29156736713676,0.000506707479097498,1.58903465444975
"432",432,"IDT-2-5","ID","T","T2n","-2","","IDT-2","Alive",48,48,2010-05-01,2015-04-01,2,1,121.92,121.92,2.54,5.08,1.71604932921019e-05,0.948906637080068,0.000506707479097498,1.16745403184063
"433",433,"CO'V*W-2-5","CO'","V","V4n","-2","-5","CO'V-2","Dead",NA,NA,2010-05-01,2015-04-01,2,1,NA,NA,2.54,5.08,1.71604932921019e-05,NA,0.000506707479097498,NA
"434",434,"NVT-2-6","NV","T","T2n","-2","","NVT-2","Alive",24,46,2010-05-01,2015-04-01,2,1,60.96,116.84,2.54,5.08,1.71604932921019e-05,0.227342215133766,0.000506707479097498,0.291863507960159
"435",435,"CO'W-1-3","CO'","W","W4n","-1","-3","CO'W-1","Alive",31,26,2010-05-01,2015-04-01,2,1,78.74,66.04,2.54,5.08,1.71604932921019e-05,0.214386042698229,0.000506707479097498,0.486945887412695
"436",436,"WA'W-1-4","WA'","W","W4n","-1","-4","WA'W-1","Dead",NA,NA,2010-05-01,2015-04-01,2,1,NA,NA,2.54,5.08,1.71604932921019e-05,NA,0.000506707479097498,NA
"437",437,"ORT-2-1","OR","T","T2n","-2","","ORT-2","Dead",NA,NA,2010-05-01,2015-04-01,2,1,NA,NA,2.54,5.08,1.71604932921019e-05,NA,0.000506707479097498,NA
"438",438,"WY'W-2-2","WY'","W","W4n","-2","-2","WY'W-2","Dead",NA,NA,2010-05-01,2015-04-01,2,1,NA,NA,2.54,5.08,1.71604932921019e-05,NA,0.000506707479097498,NA
"439",439,"NVT-1-4","NV","T","T2n","-1","-4","NVT-1","Alive",41,40,2010-05-01,2015-04-01,2,1,104.14,101.6,2.54,5.08,1.71604932921019e-05,0.576935784480467,0.000506707479097498,0.851775272362894
"440",440,"WA'W-1-10","WA'","W","W4n","-1","-10","WA'W-1","Dead",NA,NA,2010-05-01,2015-04-01,2,1,NA,NA,2.54,5.08,1.71604932921019e-05,NA,0.000506707479097498,NA
"441",441,"IDT-3-9","ID","T","T2n","-3","","IDT-3","Alive",56,53,2010-05-01,2015-04-01,2,1,142.24,134.62,2.54,5.08,1.71604932921019e-05,1.42610563454684,0.000506707479097498,1.58903465444975
"442",442,"CO'W-1-7","CO'","W","W4n","-1","-7","CO'W-1","Dead",NA,NA,2010-05-01,2015-04-01,2,1,NA,NA,2.54,5.08,1.71604932921019e-05,NA,0.000506707479097498,NA
"443",443,"CA'V-4-2","CA'","V","V4n","-4","-2","CA'V-4","Dead",NA,NA,2010-05-01,2015-04-01,2,1,NA,NA,2.54,5.08,1.71604932921019e-05,NA,0.000506707479097498,NA
"444",444,"NM'T-1-4","NM'","T","T4n","-1","-4","NM'T-1","Dead",NA,NA,2010-05-01,2015-04-01,2,1,NA,NA,2.54,5.08,1.71604932921019e-05,NA,0.000506707479097498,NA
"445",445,"MT'W-2-7","MT'","W","W4n","-2","-7","MT'W-2","Alive",37,44,2010-05-01,2015-04-01,2,1,93.98,111.76,2.54,5.08,1.71604932921019e-05,0.516839736971526,0.000506707479097498,0.693682538884475
"446",446,"IDT-2-7","ID","T","T2n","-2","","IDT-2","Alive",29,32,2010-05-01,2015-04-01,2,1,73.66,81.28,2.54,5.08,1.71604932921019e-05,0.230911597738523,0.000506707479097498,0.426140989920995
"447",447,"IDT-1-9","ID","T","T2n","-1","-9","IDT-1","Dead",NA,NA,2010-05-01,2015-04-01,2,1,NA,NA,2.54,5.08,1.71604932921019e-05,NA,0.000506707479097498,NA
"448",448,"CA'V-3-3","CA'","V","V4n","-3","-3","CA'V-3","Alive",39,30,2010-05-01,2015-04-01,2,1,99.06,76.2,2.54,5.08,1.71604932921019e-05,0.391516654459305,0.000506707479097498,0.770702075707294
"449",449,"IDT-2-6","ID","T","T2n","-2","","IDT-2","Dead",NA,NA,2010-05-01,2015-04-01,2,1,NA,NA,2.54,5.08,1.71604932921019e-05,NA,0.000506707479097498,NA
"450",450,"NVT*W-1-10","NV","T","T2n","*W-1","-10","NVT*W-1","Alive",27,33,2010-05-01,2015-04-01,2,1,68.58,83.82,2.54,5.08,1.71604932921019e-05,0.206414993564048,0.000506707479097498,0.369389752262076
"451",451,"MT'W-3-2","MT'","W","W4n","-3","-2","MT'W-3","Alive",36,36,2010-05-01,2015-04-01,2,1,91.44,91.44,2.54,5.08,1.71604932921019e-05,0.400319987518154,0.000506707479097498,0.656692892910357
"452",452,"CAV*W-3-4","CA","V","V2n","*W-3","-4","CAV*W-3","Dead",NA,NA,2010-05-01,2015-04-01,2,1,NA,NA,2.54,5.08,1.71604932921019e-05,NA,0.000506707479097498,NA
"453",453,"NVT-1-7","NV","T","T2n","-1","-7","NVT-1","Dead",NA,NA,2010-05-01,2015-04-01,2,1,NA,NA,2.54,5.08,1.71604932921019e-05,NA,0.000506707479097498,NA
"454",454,"ORT-1-7","OR","T","T2n","-1","-7","ORT-1","Alive",46,53,2010-05-01,2015-04-01,2,1,116.84,134.62,2.54,5.08,1.71604932921019e-05,0.962257500861323,0.000506707479097498,1.07219302577031
"455",455,"NVV-1-5","NV","V","V2n","-1","-5","NVV-1","Alive",30,42,2010-05-01,2015-04-01,2,1,76.2,106.68,2.54,5.08,1.71604932921019e-05,0.324333323220726,0.000506707479097498,0.456036731187748
"456",456,"IDV-5-7","ID","V","V2n","-5","-7","IDV-5","Dead",NA,NA,2010-05-01,2015-04-01,2,1,NA,NA,2.54,5.08,1.71604932921019e-05,NA,0.000506707479097498,NA
"457",457,"IDT-3-8","ID","T","T2n","-3","","IDT-3","Alive",38,38,2010-05-01,2015-04-01,2,1,96.52,96.52,2.54,5.08,1.71604932921019e-05,0.470815293962108,0.000506707479097498,0.731685599816787
"458",458,"CAV-2-6","CA","V","V2n","-2","-6","CAV-2","Dead",NA,NA,2010-05-01,2015-04-01,2,1,NA,NA,2.54,5.08,1.71604932921019e-05,NA,0.000506707479097498,NA
"459",459,"IDV-3-4","ID","V","V2n","-3","-4","IDV-3","Dead",NA,NA,2010-05-01,2015-04-01,2,1,NA,NA,2.54,5.08,1.71604932921019e-05,NA,0.000506707479097498,NA
"460",460,"NVV-1-8","NV","V","V2n","-1","-8","NVV-1","Dead",NA,NA,2010-05-01,2015-04-01,2,1,NA,NA,2.54,5.08,1.71604932921019e-05,NA,0.000506707479097498,NA
"461",461,"ORT*W-2-3","OR","T","T2n","*W-2","-3","ORT*W-2","Alive",45,46,2010-05-01,2015-04-01,2,1,114.3,116.84,2.54,5.08,1.71604932921019e-05,0.799249975079647,0.000506707479097498,1.02608264517243
"462",462,"MT'W-2-2","MT'","W","W4n","-2","-2","MT'W-2","Dead",NA,NA,2010-05-01,2015-04-01,2,1,NA,NA,2.54,5.08,1.71604932921019e-05,NA,0.000506707479097498,NA
"463",463,"CA'V-3-4","CA'","V","V4n","-3","-4","CA'V-3","Alive",21,18,2010-05-01,2015-04-01,2,1,53.34,45.72,2.54,5.08,1.71604932921019e-05,0.0681099978763525,0.000506707479097498,0.223457998281997
"464",464,"CAV*W-3-7","CA","V","V2n","*W-3","-7","CAV*W-3","Dead",NA,NA,2010-05-01,2015-04-01,2,1,NA,NA,2.54,5.08,1.71604932921019e-05,NA,0.000506707479097498,NA
"465",465,"NVV-1-9","NV","V","V2n","-1","-9","NVV-1","Dead",NA,NA,2010-05-01,2015-04-01,2,1,NA,NA,2.54,5.08,1.71604932921019e-05,NA,0.000506707479097498,NA
"466",466,"CAT-2-4","CA","T","T2n","-2","","CAT-2","Dead",NA,NA,2010-05-01,2015-04-01,2,1,NA,NA,2.54,5.08,1.71604932921019e-05,NA,0.000506707479097498,NA
"467",467,"UT'W*V-2-5-R","UT'","W","W4n","*V-2","-5-R","UT'W*V-2","Alive",31,26,2010-05-01,2015-04-01,2,1,78.74,66.04,2.54,5.08,1.71604932921019e-05,0.214386042698229,0.000506707479097498,0.486945887412695
"468",468,"NM'T-1-8","NM'","T","T4n","-1","-8","NM'T-1","Dead",NA,NA,2010-05-01,2015-04-01,2,1,NA,NA,2.54,5.08,1.71604932921019e-05,NA,0.000506707479097498,NA
"469",NA,NA,NA,NA,NA,NA,NA,NA,NA,NA,NA,NA,NA,NA,NA,NA,NA,NA,NA,NA,NA,NA,NA
"470",NA,NA,NA,NA,NA,NA,NA,NA,NA,NA,NA,NA,NA,NA,NA,NA,NA,NA,NA,NA,NA,NA,NA
"471",NA,NA,NA,NA,NA,NA,NA,NA,NA,NA,NA,NA,NA,NA,NA,NA,NA,NA,NA,NA,NA,NA,NA
"472",NA,NA,NA,NA,NA,NA,NA,NA,NA,NA,NA,NA,NA,NA,NA,NA,NA,NA,NA,NA,NA,NA,NA
"473",NA,NA,NA,NA,NA,NA,NA,NA,NA,NA,NA,NA,NA,NA,NA,NA,NA,NA,NA,NA,NA,NA,NA
"474",NA,NA,NA,NA,NA,NA,NA,NA,NA,NA,NA,NA,NA,NA,NA,NA,NA,NA,NA,NA,NA,NA,NA
"475",NA,NA,NA,NA,NA,NA,NA,NA,NA,NA,NA,NA,NA,NA,NA,NA,NA,NA,NA,NA,NA,NA,NA
"476",NA,NA,NA,NA,NA,NA,NA,NA,NA,NA,NA,NA,NA,NA,NA,NA,NA,NA,NA,NA,NA,NA,NA
